Estación,Provincia,Temperatura máxima (ºC),Temperatura mínima (ºC),Temperatura media (ºC),Racha (km/h),Velocidad máxima (km/h),Precipitación 00-24h (mm),Precipitación 00-06h (mm),Precipitación 06-12h (mm),Precipitación 12-18h (mm),Precipitación 18-24h (mm),Fecha,Temperatura máxima (ºC)(hora),Temperatura mínima (ºC)(hora),Racha (km/h)(hora),Velocidad máxima (km/h)(hora)
Estaca de Bares,A Coruña,14.6 ,10.6 ,12.6,86 ,69 ,0.0,0.0,0.0,0.0,0.0, 01 noviembre 2018,22:20,00:00,19:30,23:00
As Pontes,A Coruña,13.4 ,7.9 ,10.6,,,6.6,0.4,0.0,0.6,5.6, 01 noviembre 2018,23:30,08:20,,
A Coruña,A Coruña,15.3 ,10.0 ,12.7,50 ,28 ,1.0,0.0,0.0,0.4,0.6, 01 noviembre 2018,21:30,05:00,22:10,21:40
A Coruña Aeropuerto,A Coruña,15.5 ,7.0 ,11.3,,,,0.0,0.0,,0.4, 01 noviembre 2018,23:10,06:10,,
"Carballo, Depuradora",A Coruña,14.9 ,5.8 ,10.3,,,3.2,0.0,0.0,0.0,3.2, 01 noviembre 2018,23:00,06:10,,
Cabo Vilan,A Coruña,14.3 ,9.6 ,12.0,50 ,36 ,4.1,0.0,0.0,1.8,2.3, 01 noviembre 2018,23:30,06:40,16:00,16:10
Vimianzo,A Coruña,14.1 ,5.5 ,9.8,,,0.0,0.0,0.0,0.0,0.0, 01 noviembre 2018,21:50,04:40,,
Fisterra,A Coruña,14.5 ,9.2 ,11.8,55 ,46 ,5.0,0.0,0.0,3.6,1.4, 01 noviembre 2018,22:00,01:20,19:50,20:00
Mazaricos,A Coruña,13.8 ,6.4 ,10.1,,,,,,,, 01 noviembre 2018,22:00,03:50,,
Sobrado,A Coruña,12.1 ,4.2 ,8.2,,,6.8,0.0,0.0,1.6,5.2, 01 noviembre 2018,23:59,07:00,,
Santiago de Compostela Aeropuerto,A Coruña,13.5 ,4.8 ,9.2,35 ,22 ,5.6,0.0,0.0,1.2,4.4, 01 noviembre 2018,23:59,03:50,20:10,20:10
Noia,A Coruña,14.5 ,7.2 ,10.8,27 ,9 ,,,,,, 01 noviembre 2018,20:40,04:40,21:00,12:30
Boiro,A Coruña,15.7 ,6.8 ,11.3,,,24.2,0.0,0.0,11.0,13.2, 01 noviembre 2018,23:20,04:40,,
Padrón,A Coruña,14.5 ,7.6 ,11.0,32 ,12 ,7.2,0.2,0.0,1.0,6.0, 01 noviembre 2018,23:50,07:20,15:30,15:40
Santiago de Compostela,A Coruña,,,,28 ,10 ,4.3,0.0,0.0,1.2,3.1, 01 noviembre 2018,,,20:10,15:00
"Rois, Casas do Porto",A Coruña,14.8 ,6.3 ,10.6,,,1.4,0.2,0.0,0.0,1.2, 01 noviembre 2018,23:40,06:40,,
Ossa de Montiel,Albacete,,,,,,,,,,, 01 noviembre 2018,,,,
Villarrobledo,Albacete,15.6 ,2.2 ,8.9,27 ,18 ,0.2,0.0,0.0,0.2,0.0, 01 noviembre 2018,13:40,03:10,15:30,15:10
Munera,Albacete,11.8 ,-0.6 ,5.6,26 ,12 ,0.2,0.0,0.2,0.0,0.0, 01 noviembre 2018,15:20,03:00,15:20,12:00
"Yeste, Embalse Fuensanta",Albacete,15.8 ,1.9 ,8.9,,,0.0,0.0,0.0,0.0,0.0, 01 noviembre 2018,16:30,06:50,,
Nerpio,Albacete,7.2 ,-1.5 ,2.8,,,0.4,0.2,0.2,0.0,0.0, 01 noviembre 2018,15:20,05:40,,
Yeste,Albacete,12.6 ,2.9 ,7.8,,,0.0,0.0,0.0,0.0,0.0, 01 noviembre 2018,15:20,04:20,,
Hellín,Albacete,14.3 ,4.2 ,9.3,37 ,21 ,0.0,0.0,0.0,0.0,0.0, 01 noviembre 2018,15:10,03:10,12:40,12:40
Tobarra,Albacete,15.0 ,3.0 ,9.0,,,0.0,0.0,0.0,0.0,0.0, 01 noviembre 2018,15:00,02:30,,
Albacete Base Aérea,Albacete,14.3 ,-0.2 ,7.1,,,0.0,0.0,0.0,0.0,0.0, 01 noviembre 2018,16:20,04:50,,
Chinchilla,Albacete,10.4 ,0.2 ,5.3,28 ,18 ,0.0,0.0,0.0,0.0,0.0, 01 noviembre 2018,18:30,07:20,14:40,15:30
Albacete,Albacete,14.7 ,2.2 ,8.4,29 ,9 ,0.0,0.0,0.0,0.0,0.0, 01 noviembre 2018,16:00,04:30,17:10,17:20
Alcalá del Júcar,Albacete,15.8 ,2.1 ,9.0,20 ,10 ,0.2,0.0,0.2,0.0,0.0, 01 noviembre 2018,16:00,05:10,11:00,15:20
Almansa,Albacete,13.7 ,2.1 ,7.9,21 ,9 ,0.0,0.0,0.0,0.0,0.0, 01 noviembre 2018,14:10,08:10,14:00,06:20
Orihuela,Alacant/Alicante,18.5 ,8.5 ,13.5,33 ,16 ,0.0,0.0,0.0,0.0,0.0, 01 noviembre 2018,16:10,02:30,16:40,10:30
Pinoso,Alacant/Alicante,12.8 ,0.9 ,6.9,30 ,15 ,0.0,0.0,0.0,0.0,0.0, 01 noviembre 2018,15:40,01:10,12:40,12:40
Rojales,Alacant/Alicante,19.7 ,8.9 ,14.3,25 ,14 ,0.0,0.0,0.0,0.0,0.0, 01 noviembre 2018,16:00,06:40,13:30,15:00
Villena,Alacant/Alicante,15.6 ,0.6 ,8.1,28 ,16 ,0.0,0.0,0.0,0.0,0.0, 01 noviembre 2018,14:20,01:50,13:50,13:50
Novelda,Alacant/Alicante,18.1 ,7.7 ,12.9,,,0.0,0.0,0.0,0.0,0.0, 01 noviembre 2018,13:30,04:40,,
Elche/Elx,Alacant/Alicante,21.3 ,9.2 ,15.2,,,0.0,0.0,0.0,0.0,0.0, 01 noviembre 2018,15:30,01:20,,
Alicante-Elche Aeropuerto,Alacant/Alicante,20.2 ,9.7 ,15.0,30 ,19 ,0.0,0.0,0.0,0.0,0.0, 01 noviembre 2018,14:20,02:10,14:40,16:20
Alicante/Alacant,Alacant/Alicante,20.8 ,7.6 ,14.2,23 ,12 ,0.0,0.0,0.0,0.0,0.0, 01 noviembre 2018,13:50,02:20,10:20,06:50
Benidorm,Alacant/Alicante,19.5 ,7.9 ,13.7,31 ,17 ,0.0,0.0,0.0,0.0,0.0, 01 noviembre 2018,13:00,03:00,13:10,13:30
Jávea/ Xàbia,Alacant/Alicante,19.5 ,6.0 ,12.8,40 ,24 ,0.6,0.0,0.0,0.6,0.0, 01 noviembre 2018,13:40,02:00,12:20,12:20
Pego,Alacant/Alicante,18.5 ,9.4 ,13.9,23 ,15 ,0.0,0.0,0.0,0.0,0.0, 01 noviembre 2018,16:50,00:00,08:50,08:20
Alcoy/Alcoi,Alacant/Alicante,14.3 ,4.7 ,9.5,25 ,13 ,0.0,0.0,0.0,0.0,0.0, 01 noviembre 2018,16:50,04:00,13:20,06:40
Vélez Blanco - Topares,Almería,11.7 ,2.1 ,6.9,,,0.0,0.0,0.0,0.0,0.0, 01 noviembre 2018,15:30,07:50,,
El Ejido,Almería,22.0 ,10.7 ,16.3,,,0.4,0.2,0.2,0.0,0.0, 01 noviembre 2018,13:20,06:50,,
Roquetas de Mar,Almería,,,,,,,,,,, 01 noviembre 2018,,,,
Abla,Almería,15.9 ,6.8 ,11.3,29 ,12 ,0.2,0.2,0.0,0.0,0.0, 01 noviembre 2018,14:10,03:40,10:40,09:00
Láujar de Andarax,Almería,11.8 ,2.0 ,6.9,51 ,33 ,0.2,0.0,0.2,0.0,0.0, 01 noviembre 2018,15:00,00:00,04:10,04:10
Almería Aeropuerto,Almería,19.4 ,10.4 ,14.9,32 ,19 ,1.7,1.7,0.0,0.0,0.0, 01 noviembre 2018,11:40,07:50,10:20,13:20
Cabo de Gata,Almería,20.5 ,12.0 ,16.3,46 ,30 ,1.8,1.8,0.0,0.0,0.0, 01 noviembre 2018,12:30,00:50,04:10,06:50
"Garrucha, Puerto",Almería,20.1 ,11.4 ,15.8,39 ,33 ,0.2,0.2,0.0,0.0,0.0, 01 noviembre 2018,14:10,08:00,14:40,14:50
Albox,Almería,19.5 ,7.7 ,13.6,43 ,31 ,0.0,0.0,0.0,0.0,0.0, 01 noviembre 2018,15:20,05:20,09:10,09:10
Huercal Overa,Almería,22.0 ,7.1 ,14.5,33 ,20 ,0.0,0.0,0.0,0.0,0.0, 01 noviembre 2018,14:30,07:30,10:30,11:20
Aramaio,Araba/Álava,10.6 ,6.4 ,8.5,,,13.2,9.4,1.0,0.2,2.6, 01 noviembre 2018,14:40,01:50,,
Amurrio,Araba/Álava,14.3 ,7.9 ,11.1,12 ,8 ,2.4,0.8,0.0,0.0,1.6, 01 noviembre 2018,13:40,03:40,21:30,03:20
Lalastra,Araba/Álava,9.2 ,3.0 ,6.1,35 ,20 ,0.6,0.0,0.0,0.0,0.6, 01 noviembre 2018,14:20,04:00,07:40,09:00
Agurain/Salvatierra,Araba/Álava,10.5 ,5.3 ,7.9,21 ,11 ,7.2,6.2,0.2,0.0,0.8, 01 noviembre 2018,14:30,02:40,13:10,13:00
Vitoria Gasteiz Aeropuerto,Araba/Álava,12.9 ,7.0 ,9.9,22 ,15 ,3.4,2.5,0.0,0.0,0.9, 01 noviembre 2018,13:30,03:50,21:10,05:10
Labastida,Araba/Álava,12.2 ,4.6 ,8.4,18 ,10 ,6.0,5.2,0.0,0.0,0.8, 01 noviembre 2018,13:30,07:50,22:00,10:00
Leza,Araba/Álava,13.0 ,5.7 ,9.3,,,3.8,3.2,0.0,0.0,0.6, 01 noviembre 2018,13:40,08:00,,
Campezo/Kanpezu,Araba/Álava,12.0 ,5.9 ,9.0,,,,,,,, 01 noviembre 2018,14:50,20:50,,
Cabrales,Asturias,12.8 ,7.2 ,10.0,24 ,16 ,5.4,0.0,0.0,0.0,5.4, 01 noviembre 2018,14:10,01:30,05:00,05:00
Llanes,Asturias,15.5 ,11.8 ,13.7,34 ,16 ,2.0,0.0,0.0,0.0,2.0, 01 noviembre 2018,14:10,04:10,05:00,06:10
"Amieva, Panizales",Asturias,13.7 ,7.1 ,10.4,40 ,21 ,3.8,0.0,0.2,0.0,3.6, 01 noviembre 2018,14:30,03:00,23:00,23:00
Piloña,Asturias,14.2 ,6.6 ,10.4,17 ,7 ,2.6,0.0,0.0,0.0,2.6, 01 noviembre 2018,14:10,00:20,13:30,13:30
Colunga,Asturias,,,,,,,0.0,0.0,,, 01 noviembre 2018,,,,
"Gijón, Campus",Asturias,15.2 ,9.7 ,12.4,26 ,12 ,1.8,0.0,0.2,0.0,1.6, 01 noviembre 2018,15:30,01:00,17:50,17:40
Cabo Peñas,Asturias,,,,,,,,,,, 01 noviembre 2018,,,,
Asturias Aeropuerto,Asturias,14.3 ,9.2 ,11.8,39 ,23 ,1.1,0.2,0.0,0.0,0.9, 01 noviembre 2018,23:59,01:40,21:30,21:50
Puerto de Pajares,Asturias,6.1 ,0.1 ,3.1,32 ,21 ,1.1,0.2,0.0,0.1,0.8, 01 noviembre 2018,22:30,00:10,19:50,19:40
Pola de Lena,Asturias,12.3 ,5.2 ,8.8,26 ,16 ,1.6,0.2,0.0,0.0,1.4, 01 noviembre 2018,16:30,00:00,23:10,23:30
Aller,Asturias,10.1 ,1.6 ,5.9,17 ,8 ,6.0,0.4,0.0,0.0,5.6, 01 noviembre 2018,11:50,00:00,22:00,18:50
Mieres,Asturias,13.7 ,7.8 ,10.8,18 ,8 ,2.2,0.0,0.0,0.0,2.2, 01 noviembre 2018,15:10,00:00,19:50,21:40
Oviedo,Asturias,12.6 ,7.5 ,10.1,21 ,12 ,2.0,0.0,0.0,0.2,1.8, 01 noviembre 2018,13:40,02:40,23:59,04:10
"Tineo, Soto de la Barca",Asturias,12.8 ,5.7 ,9.3,21 ,12 ,1.6,0.0,0.0,0.2,1.4, 01 noviembre 2018,14:30,06:20,10:20,10:20
Pola de Somiedo,Asturias,12.5 ,2.0 ,7.3,30 ,12 ,2.6,0.0,0.0,0.0,2.6, 01 noviembre 2018,23:59,06:50,23:40,23:40
Salas,Asturias,13.1 ,7.3 ,10.2,35 ,17 ,1.8,0.0,0.0,0.0,1.8, 01 noviembre 2018,23:20,06:50,20:00,11:20
Cabo Busto,Asturias,15.9 ,11.0 ,13.4,77 ,51 ,0.2,0.2,0.0,0.0,0.0, 01 noviembre 2018,21:10,00:00,21:30,22:40
Degaña,Asturias,5.4 ,-0.2 ,2.6,10 ,4 ,8.2,0.0,0.0,1.4,6.8, 01 noviembre 2018,14:10,00:00,22:20,10:20
"Ibias, San Antolin",Asturias,,,,,,,,,,, 01 noviembre 2018,,,,
"Villayón, Oneta",Asturias,11.5 ,7.1 ,9.3,45 ,19 ,2.0,0.0,0.0,0.2,1.8, 01 noviembre 2018,23:00,05:40,19:30,20:40
Castropol,Asturias,14.2 ,8.8 ,11.5,73 ,24 ,0.0,0.0,0.0,0.0,0.0, 01 noviembre 2018,23:59,05:40,18:10,20:20
"Taramundi, Ouria",Asturias,13.4 ,6.9 ,10.1,67 ,43 ,0.4,0.2,0.0,0.0,0.2, 01 noviembre 2018,23:50,05:20,20:30,21:30
Puerto de Leitariegos,Asturias,6.8 ,0.2 ,3.5,,,6.8,0.6,1.2,2.4,2.6, 01 noviembre 2018,21:40,00:00,,
Muñotello,Ávila,11.0 ,2.0 ,6.5,36 ,23 ,0.0,0.0,0.0,0.0,0.0, 01 noviembre 2018,14:40,07:30,23:30,16:40
Ávila,Ávila,11.4 ,2.5 ,6.9,27 ,18 ,0.0,0.0,0.0,0.0,0.0, 01 noviembre 2018,15:30,07:50,18:20,17:10
Gotarrendura,Ávila,11.7 ,2.8 ,7.2,31 ,22 ,0.0,0.0,0.0,0.0,0.0, 01 noviembre 2018,15:10,08:00,23:59,18:00
Arevalo,Ávila,12.7 ,2.7 ,7.7,29 ,15 ,0.0,0.0,0.0,0.0,0.0, 01 noviembre 2018,15:20,08:10,23:40,23:30
Rivilla de Barajas,Ávila,11.4 ,2.3 ,6.8,35 ,22 ,0.4,0.0,0.2,0.0,0.2, 01 noviembre 2018,15:20,08:00,23:30,17:20
Navarredonda de Gredos,Ávila,,,,20 ,7 ,,,,,, 01 noviembre 2018,,,13:50,19:20
Barco de Avila,Ávila,11.9 ,-0.3 ,5.8,30 ,18 ,,,,,, 01 noviembre 2018,14:50,08:20,14:50,17:20
Puerto El Pico,Ávila,11.1 ,-2.0 ,4.6,33 ,16 ,0.0,0.0,0.0,0.0,0.0, 01 noviembre 2018,12:20,08:00,15:20,14:40
Cebreros,Ávila,15.1 ,6.7 ,10.9,48 ,24 ,0.0,0.0,0.0,0.0,0.0, 01 noviembre 2018,14:30,04:30,02:50,02:40
Candeleda,Ávila,17.7 ,3.2 ,10.5,15 ,9 ,0.0,0.0,0.0,0.0,0.0, 01 noviembre 2018,16:30,06:40,15:00,15:40
Herrera del Duque,Badajoz,15.6 ,3.2 ,9.4,23 ,14 ,0.0,0.0,0.0,0.0,0.0, 01 noviembre 2018,16:10,03:50,16:30,16:20
Peraleda del Zaucejo,Badajoz,15.4 ,4.0 ,9.7,33 ,20 ,0.0,0.0,0.0,0.0,0.0, 01 noviembre 2018,15:20,03:00,16:00,23:40
Castuera,Badajoz,15.7 ,5.6 ,10.6,23 ,14 ,0.0,0.0,0.0,0.0,0.0, 01 noviembre 2018,15:30,08:20,15:50,17:30
Navalvillar de Pela,Badajoz,16.5 ,3.3 ,9.9,24 ,14 ,0.2,0.0,0.2,0.0,0.0, 01 noviembre 2018,16:40,05:50,17:00,16:50
Don Benito,Badajoz,18.0 ,5.0 ,11.5,28 ,13 ,0.0,0.0,0.0,0.0,0.0, 01 noviembre 2018,15:40,06:50,17:40,17:20
Llerena,Badajoz,14.6 ,4.6 ,9.6,26 ,18 ,0.2,0.2,0.0,0.0,0.0, 01 noviembre 2018,15:30,05:20,16:20,16:30
Villafranca de los Barros,Badajoz,15.6 ,2.8 ,9.2,27 ,18 ,0.2,0.2,0.0,0.0,0.0, 01 noviembre 2018,15:40,02:20,15:10,16:00
Mérida,Badajoz,19.3 ,4.2 ,11.7,28 ,16 ,0.1,0.1,0.0,0.0,0.0, 01 noviembre 2018,15:00,02:30,16:30,16:50
Zafra,Badajoz,15.6 ,4.9 ,10.3,29 ,21 ,0.2,0.0,0.2,0.0,0.0, 01 noviembre 2018,15:10,08:10,17:10,17:10
Almendralejo,Badajoz,15.9 ,4.0 ,9.9,28 ,17 ,0.2,0.2,0.0,0.0,0.0, 01 noviembre 2018,15:50,05:30,15:50,16:40
Badajoz Aeropuerto,Badajoz,18.3 ,4.7 ,11.5,32 ,19 ,0.0,0.0,0.0,0.0,0.0, 01 noviembre 2018,16:00,06:10,16:40,16:50
Alburquerque,Badajoz,17.7 ,2.9 ,10.3,25 ,14 ,0.0,0.0,0.0,0.0,0.0, 01 noviembre 2018,14:50,05:30,15:50,17:20
Puebla de Obando,Badajoz,16.9 ,5.0 ,10.9,28 ,19 ,0.2,0.0,0.2,0.0,0.0, 01 noviembre 2018,15:10,07:20,16:40,16:40
Badajoz,Badajoz,,,,,,,,,,, 01 noviembre 2018,,,,
Olivenza,Badajoz,17.0 ,5.5 ,11.3,26 ,16 ,0.4,0.2,0.0,0.2,0.0, 01 noviembre 2018,15:20,07:30,17:10,14:00
Alconchel,Badajoz,17.2 ,5.0 ,11.1,23 ,16 ,0.2,0.0,0.2,0.0,0.0, 01 noviembre 2018,17:20,06:40,17:30,17:20
Barcarrota,Badajoz,15.8 ,2.7 ,9.3,21 ,12 ,0.2,0.2,0.0,0.0,0.0, 01 noviembre 2018,16:30,08:20,15:50,17:50
Villanueva del Fresno,Badajoz,16.3 ,4.2 ,10.2,19 ,13 ,0.0,0.0,0.0,0.0,0.0, 01 noviembre 2018,17:00,07:30,01:40,01:20
Monesterio,Badajoz,12.6 ,4.5 ,8.6,26 ,15 ,0.2,0.0,0.2,0.0,0.0, 01 noviembre 2018,14:50,03:10,22:40,22:50
Fuente de Cantos,Badajoz,14.0 ,3.8 ,8.9,28 ,20 ,0.2,0.2,0.0,0.0,0.0, 01 noviembre 2018,16:50,04:00,14:30,18:00
Jerez de los Caballeros,Badajoz,15.9 ,3.5 ,9.7,32 ,22 ,0.0,0.0,0.0,0.0,0.0, 01 noviembre 2018,16:20,07:30,15:10,14:40
Fregenal de la Sierra,Badajoz,14.2 ,2.9 ,8.5,23 ,13 ,0.0,0.0,0.0,0.0,0.0, 01 noviembre 2018,15:20,06:50,17:00,15:30
Azuaga,Badajoz,14.7 ,3.0 ,8.8,27 ,17 ,0.0,0.0,0.0,0.0,0.0, 01 noviembre 2018,15:50,08:00,16:10,17:00
Pontons,Barcelona,13.3 ,4.7 ,9.0,37 ,16 ,3.0,3.0,0.0,0.0,0.0, 01 noviembre 2018,16:30,06:30,12:00,12:40
Vilafranca del Penedès,Barcelona,16.6 ,6.1 ,11.4,26 ,13 ,5.0,5.0,0.0,0.0,0.0, 01 noviembre 2018,14:40,08:10,01:20,01:10
Sitges,Barcelona,16.4 ,7.8 ,12.1,25 ,14 ,4.6,4.4,0.2,0.0,0.0, 01 noviembre 2018,13:30,07:50,12:20,22:50
Barcelona Aeropuerto,Barcelona,17.9 ,9.3 ,13.6,32 ,23 ,10.1,10.1,0.0,0.0,0.0, 01 noviembre 2018,16:20,06:50,00:30,01:40
Berga,Barcelona,13.1 ,4.1 ,8.6,24 ,15 ,3.8,3.8,0.0,0.0,0.0, 01 noviembre 2018,13:30,08:30,05:00,04:50
Balsareny,Barcelona,15.5 ,4.8 ,10.2,22 ,13 ,5.8,5.8,0.0,0.0,0.0, 01 noviembre 2018,15:30,07:50,12:00,02:10
Prats de Lluçanès,Barcelona,13.8 ,3.9 ,8.9,17 ,10 ,4.8,4.8,0.0,0.0,0.0, 01 noviembre 2018,14:10,08:00,11:30,11:10
Moià,Barcelona,12.6 ,4.5 ,8.6,21 ,13 ,8.4,8.4,0.0,0.0,0.0, 01 noviembre 2018,16:10,07:20,12:10,12:20
Manresa,Barcelona,15.9 ,5.7 ,10.8,20 ,12 ,6.4,6.4,0.0,0.0,0.0, 01 noviembre 2018,15:20,08:00,12:40,12:40
Monistrol de Montserrat,Barcelona,9.3 ,4.6 ,7.0,,,4.0,4.0,0.0,0.0,0.0, 01 noviembre 2018,16:10,06:20,,
Igualada,Barcelona,16.1 ,7.4 ,11.8,23 ,9 ,6.5,6.5,0.0,0.0,0.0, 01 noviembre 2018,15:20,08:20,11:20,14:40
"Corbera, Pic d'Agulles",Barcelona,11.8 ,5.0 ,8.4,,,5.8,5.8,0.0,0.0,0.0, 01 noviembre 2018,16:00,06:50,,
Barcelona,Barcelona,17.7 ,9.4 ,13.6,37 ,19 ,11.6,11.6,0.0,0.0,0.0, 01 noviembre 2018,15:00,02:40,02:10,02:10
"Barcelona, Museo Marítimo",Barcelona,,,,,,,,,,, 01 noviembre 2018,,,,
Caldes de Montbui,Barcelona,17.3 ,6.3 ,11.8,25 ,14 ,7.8,7.8,0.0,0.0,0.0, 01 noviembre 2018,14:20,07:00,12:20,00:50
Vilassar de Dalt,Barcelona,18.7 ,9.4 ,14.1,30 ,13 ,4.8,4.8,0.0,0.0,0.0, 01 noviembre 2018,11:10,07:10,01:00,03:00
Santa Susanna,Barcelona,17.6 ,6.6 ,12.1,17 ,7 ,,,,,, 01 noviembre 2018,14:50,08:00,15:20,16:30
Fogars de Montclús,Barcelona,10.5 ,4.5 ,7.5,,,9.0,9.0,0.0,0.0,0.0, 01 noviembre 2018,16:00,08:00,,
Tona,Barcelona,13.8 ,3.4 ,8.6,13 ,7 ,10.2,10.2,0.0,0.0,0.0, 01 noviembre 2018,13:20,07:50,11:20,10:00
Sant Julià  de Vilatorta,Barcelona,14.1 ,3.4 ,8.8,13 ,6 ,6.3,6.2,0.1,0.0,0.0, 01 noviembre 2018,15:00,07:50,15:40,09:50
Lekeitio,Bizkaia,14.9 ,10.9 ,12.9,53 ,23 ,13.0,9.3,2.1,0.0,1.6, 01 noviembre 2018,15:30,00:00,05:00,05:50
Forua,Bizkaia,14.9 ,9.8 ,12.3,38 ,22 ,8.6,4.6,2.2,0.0,1.8, 01 noviembre 2018,14:10,07:10,04:50,05:00
Machichaco,Bizkaia,14.4 ,10.3 ,12.3,70 ,48 ,24.6,19.0,3.8,0.0,1.8, 01 noviembre 2018,15:30,05:40,00:10,00:10
Punta Galea,Bizkaia,14.5 ,10.2 ,12.3,36 ,19 ,3.6,0.5,1.6,0.0,1.5, 01 noviembre 2018,12:50,00:20,02:40,05:10
Orozko,Bizkaia,14.2 ,8.2 ,11.2,16 ,7 ,3.0,1.8,0.0,0.0,1.2, 01 noviembre 2018,14:00,07:40,21:50,21:40
Abadiño,Bizkaia,10.4 ,5.9 ,8.1,,,11.6,6.8,2.2,0.0,2.6, 01 noviembre 2018,14:20,07:20,,
Amorebieta--Etxano,Bizkaia,14.7 ,9.4 ,12.0,16 ,9 ,6.4,4.0,0.8,0.0,1.6, 01 noviembre 2018,14:00,07:10,00:40,00:40
Balmaseda,Bizkaia,14.5 ,8.4 ,11.4,,,1.8,0.2,0.0,0.0,1.6, 01 noviembre 2018,14:30,03:10,,
Güeñes,Bizkaia,13.7 ,8.2 ,10.9,16 ,7 ,1.8,0.8,0.0,0.0,1.0, 01 noviembre 2018,15:20,03:50,08:50,12:20
Bilbao Aeropuerto,Bizkaia,16.1 ,10.1 ,13.1,24 ,13 ,4.5,2.1,0.7,0.0,1.7, 01 noviembre 2018,14:00,04:10,00:20,00:20
Sopuerta,Bizkaia,15.4 ,8.7 ,12.0,25 ,10 ,2.8,1.8,0.0,0.0,1.0, 01 noviembre 2018,14:40,03:10,04:50,05:40
Coruña del Conde,Burgos,9.0 ,4.1 ,6.5,22 ,14 ,0.0,0.0,0.0,0.0,0.0, 01 noviembre 2018,15:00,06:40,11:40,11:30
Aranda de Duero,Burgos,11.7 ,2.1 ,6.9,22 ,9 ,0.0,0.0,0.0,0.0,0.0, 01 noviembre 2018,14:00,08:00,12:50,23:50
Villadiego,Burgos,10.0 ,0.5 ,5.3,31 ,21 ,0.4,0.0,0.0,0.0,0.4, 01 noviembre 2018,12:40,08:00,17:00,16:50
Pedrosa del Príncipe,Burgos,11.5 ,2.9 ,7.2,27 ,17 ,0.2,0.0,0.2,0.0,0.0, 01 noviembre 2018,13:40,09:00,15:30,15:40
Palacios de la Sierra,Burgos,8.5 ,2.4 ,5.5,33 ,17 ,0.0,0.0,0.0,0.0,0.0, 01 noviembre 2018,10:50,08:20,01:20,01:20
Monterrubio de la Demanda,Burgos,7.3 ,0.6 ,4.0,24 ,16 ,1.4,0.8,0.0,0.0,0.6, 01 noviembre 2018,13:30,07:40,12:20,12:20
Villamayor de los Montes,Burgos,10.0 ,4.2 ,7.1,25 ,17 ,0.0,0.0,0.0,0.0,0.0, 01 noviembre 2018,14:40,06:10,17:00,23:20
Burgos Aeropuerto,Burgos,10.7 ,1.8 ,6.2,28 ,19 ,0.0,0.0,0.0,0.0,0.0, 01 noviembre 2018,13:00,08:10,22:50,23:00
Santa Gadea de Alfoz,Burgos,10.1 ,2.2 ,6.2,,,1.6,0.0,0.0,0.0,1.6, 01 noviembre 2018,14:00,07:50,,
Sargentes de la Lora,Burgos,9.1 ,-0.3 ,4.4,33 ,21 ,0.8,0.0,0.0,0.0,0.8, 01 noviembre 2018,12:30,07:10,20:10,20:10
Briviesca,Burgos,11.6 ,3.0 ,7.3,31 ,20 ,0.6,0.2,0.0,0.0,0.4, 01 noviembre 2018,13:00,08:20,19:30,19:20
Medina de Pomar,Burgos,,,,,,,,,,, 01 noviembre 2018,,,,
Miranda de Ebro,Burgos,14.6 ,4.4 ,9.5,26 ,14 ,,,,,, 01 noviembre 2018,13:20,08:20,20:00,20:00
Belorado,Burgos,10.3 ,4.0 ,7.2,29 ,9 ,13.3,0.1,0.9,11.7,0.6, 01 noviembre 2018,13:00,08:10,23:20,19:20
Puerto Rey,Cáceres,,,,,,,0.2,0.0,0.0,, 01 noviembre 2018,,,,
Navalvillar de Ibor,Cáceres,12.1 ,2.2 ,7.2,19 ,10 ,0.0,0.0,0.0,0.0,0.0, 01 noviembre 2018,14:10,04:50,22:10,22:00
Madrigal de la Vera,Cáceres,15.8 ,4.4 ,10.1,13 ,5 ,0.2,0.0,0.2,0.0,0.0, 01 noviembre 2018,16:20,04:00,15:20,15:10
Navalmoral de la Mata,Cáceres,18.1 ,2.6 ,10.4,32 ,17 ,0.0,0.0,0.0,0.0,0.0, 01 noviembre 2018,15:40,07:50,16:00,17:10
Garganta de la Olla,Cáceres,15.2 ,4.7 ,9.9,38 ,24 ,0.0,0.0,0.0,0.0,0.0, 01 noviembre 2018,16:10,07:10,18:00,22:40
Serradilla,Cáceres,16.2 ,4.2 ,10.2,27 ,17 ,0.0,0.0,0.0,0.0,0.0, 01 noviembre 2018,15:20,06:30,16:00,16:40
Jaraicejo,Cáceres,15.9 ,4.3 ,10.1,25 ,13 ,0.0,0.0,0.0,0.0,0.0, 01 noviembre 2018,16:20,06:50,16:40,16:20
Trujillo,Cáceres,15.3 ,2.6 ,9.0,26 ,17 ,0.1,0.0,0.1,0.0,0.0, 01 noviembre 2018,16:00,07:10,17:00,17:00
Cáceres,Cáceres,16.2 ,6.7 ,11.5,26 ,15 ,0.0,0.0,0.0,0.0,0.0, 01 noviembre 2018,15:50,00:50,20:30,03:30
Cañaveral,Cáceres,17.4 ,4.9 ,11.1,29 ,21 ,0.0,0.0,0.0,0.0,0.0, 01 noviembre 2018,15:30,07:30,16:00,20:20
Nuñomoral,Cáceres,15.7 ,1.6 ,8.6,34 ,19 ,0.0,0.0,0.0,0.0,0.0, 01 noviembre 2018,16:40,04:20,14:00,14:00
Guijo de Granadilla,Cáceres,17.4 ,4.1 ,10.7,22 ,12 ,0.2,0.0,0.2,0.0,0.0, 01 noviembre 2018,14:50,05:00,10:20,10:20
Hervás,Cáceres,13.6 ,3.9 ,8.8,17 ,10 ,0.2,0.0,0.0,0.2,0.0, 01 noviembre 2018,14:30,07:30,14:40,14:40
Montehermoso,Cáceres,17.3 ,3.4 ,10.3,26 ,16 ,0.0,0.0,0.0,0.0,0.0, 01 noviembre 2018,17:00,06:40,14:10,14:10
Tornavacas,Cáceres,13.6 ,4.0 ,8.8,44 ,27 ,0.0,0.0,0.0,0.0,0.0, 01 noviembre 2018,15:30,06:40,23:20,23:10
Piornal,Cáceres,12.8 ,1.4 ,7.1,31 ,16 ,0.0,0.0,0.0,0.0,0.0, 01 noviembre 2018,13:40,08:00,20:30,20:00
Plasencia,Cáceres,17.1 ,4.5 ,10.8,31 ,11 ,0.1,0.0,0.1,0.0,0.0, 01 noviembre 2018,17:00,07:40,14:00,14:40
Coria,Cáceres,18.7 ,4.6 ,11.7,30 ,19 ,0.0,0.0,0.0,0.0,0.0, 01 noviembre 2018,15:40,06:50,16:40,16:30
Torrecilla de los Angeles,Cáceres,16.8 ,2.6 ,9.7,27 ,16 ,0.0,0.0,0.0,0.0,0.0, 01 noviembre 2018,17:00,03:20,13:50,22:40
Hoyos,Cáceres,17.0 ,4.2 ,10.6,39 ,19 ,0.0,0.0,0.0,0.0,0.0, 01 noviembre 2018,16:50,03:30,07:00,07:10
Zarza La Mayor,Cáceres,17.4 ,4.3 ,10.8,30 ,18 ,0.0,0.0,0.0,0.0,0.0, 01 noviembre 2018,16:40,05:20,15:40,16:20
Valverde del Fresno,Cáceres,17.4 ,4.7 ,11.0,30 ,13 ,0.0,0.0,0.0,0.0,0.0, 01 noviembre 2018,16:30,01:10,06:50,08:10
Aliseda,Cáceres,16.7 ,7.1 ,11.9,27 ,17 ,0.0,0.0,0.0,0.0,0.0, 01 noviembre 2018,16:30,06:40,16:30,16:30
Brozas,Cáceres,16.6 ,5.0 ,10.8,30 ,22 ,0.0,0.0,0.0,0.0,0.0, 01 noviembre 2018,16:40,04:30,17:20,17:20
Valencia de Alcántara,Cáceres,15.4 ,3.1 ,9.2,35 ,19 ,0.0,0.0,0.0,0.0,0.0, 01 noviembre 2018,16:10,03:50,17:20,15:50
Guadalupe,Cáceres,13.4 ,2.6 ,8.0,14 ,8 ,0.0,0.0,0.0,0.0,0.0, 01 noviembre 2018,15:40,07:50,16:40,21:50
Cañamero,Cáceres,13.9 ,3.2 ,8.5,27 ,18 ,0.2,0.0,0.2,0.0,0.0, 01 noviembre 2018,17:20,07:50,16:50,16:20
Zorita,Cáceres,16.0 ,4.8 ,10.4,30 ,21 ,0.0,0.0,0.0,0.0,0.0, 01 noviembre 2018,16:10,07:30,16:30,16:30
Alcuescar,Cáceres,16.2 ,4.6 ,10.4,28 ,15 ,0.2,0.0,0.2,0.0,0.0, 01 noviembre 2018,15:40,07:20,14:50,14:50
Chipiona,Cádiz,17.2 ,9.4 ,13.3,23 ,14 ,0.0,0.0,0.0,0.0,0.0, 01 noviembre 2018,16:20,07:50,20:20,18:20
"Rota, Base Naval",Cádiz,16.9 ,7.7 ,12.3,,,0.0,0.0,0.0,0.0,0.0, 01 noviembre 2018,16:40,08:00,,
Grazalema,Cádiz,12.5 ,6.3 ,9.4,25 ,10 ,0.0,0.0,0.0,0.0,0.0, 01 noviembre 2018,14:50,08:00,13:20,03:30
Olvera,Cádiz,15.3 ,6.6 ,11.0,21 ,12 ,0.0,0.0,0.0,0.0,0.0, 01 noviembre 2018,15:20,08:40,16:20,17:00
El Bosque,Cádiz,16.5 ,7.6 ,12.0,32 ,19 ,0.0,0.0,0.0,0.0,0.0, 01 noviembre 2018,15:00,07:10,13:50,14:30
San José del Valle,Cádiz,18.1 ,8.8 ,13.5,23 ,10 ,0.0,0.0,0.0,0.0,0.0, 01 noviembre 2018,15:30,06:00,16:40,13:30
Jerez de la Frontera Aeropuerto,Cádiz,18.3 ,6.2 ,12.2,28 ,17 ,0.0,0.0,0.0,0.0,0.0, 01 noviembre 2018,15:40,08:10,12:40,16:40
San Fernando,Cádiz,17.3 ,10.0 ,13.6,24 ,15 ,0.0,0.0,0.0,0.0,0.0, 01 noviembre 2018,15:30,08:10,15:50,16:10
Cádiz,Cádiz,17.3 ,10.9 ,14.1,26 ,20 ,0.0,0.0,0.0,0.0,0.0, 01 noviembre 2018,15:10,08:30,00:10,00:10
Medina Sidonia,Cádiz,17.9 ,8.7 ,13.3,28 ,15 ,0.0,0.0,0.0,0.0,0.0, 01 noviembre 2018,16:00,08:20,13:10,16:30
Vejer de la Frontera,Cádiz,17.6 ,8.3 ,13.0,25 ,14 ,0.0,0.0,0.0,0.0,0.0, 01 noviembre 2018,15:30,08:00,16:00,17:20
Barbate,Cádiz,19.0 ,9.6 ,14.3,34 ,22 ,0.0,0.0,0.0,0.0,0.0, 01 noviembre 2018,16:00,06:30,17:00,17:00
Tarifa,Cádiz,16.1 ,10.4 ,13.3,37 ,24 ,0.0,0.0,0.0,0.0,0.0, 01 noviembre 2018,14:30,08:10,13:40,12:30
Jimena de la Frontera,Cádiz,19.5 ,7.4 ,13.5,35 ,18 ,0.2,0.2,0.0,0.0,0.0, 01 noviembre 2018,14:50,06:10,15:40,15:40
San Roque,Cádiz,19.8 ,10.0 ,14.9,35 ,22 ,0.0,0.0,0.0,0.0,0.0, 01 noviembre 2018,15:10,08:10,13:30,13:30
Castro Urdiales,Cantabria,17.0 ,10.5 ,13.8,51 ,30 ,6.0,4.4,0.6,0.0,1.0, 01 noviembre 2018,12:40,00:40,04:20,02:20
Ramales de la Victoria,Cantabria,16.1 ,8.7 ,12.4,15 ,6 ,1.2,0.0,0.0,0.0,1.2, 01 noviembre 2018,14:30,02:30,07:00,10:40
"Barcena de Cicero, Treto",Cantabria,15.5 ,10.6 ,13.1,29 ,13 ,1.0,0.0,0.0,0.2,0.8, 01 noviembre 2018,12:50,00:00,07:20,01:20
"Soba, Alto Miera",Cantabria,10.0 ,5.4 ,7.7,24 ,14 ,6.2,0.4,2.0,0.0,3.8, 01 noviembre 2018,15:50,05:50,23:50,23:50
Santander Aeropuerto,Cantabria,16.3 ,11.1 ,13.7,37 ,21 ,3.0,0.0,0.0,0.0,3.0, 01 noviembre 2018,12:10,02:30,07:40,07:40
Santander,Cantabria,15.0 ,11.1 ,13.1,52 ,36 ,4.8,0.0,0.4,0.0,4.4, 01 noviembre 2018,12:10,02:00,07:30,07:30
Villacarriedo,Cantabria,14.3 ,7.7 ,11.0,15 ,10 ,4.8,0.0,0.2,0.0,4.6, 01 noviembre 2018,14:10,03:20,09:00,13:40
"Los Tojos, Bárcena Mayor",Cantabria,13.2 ,2.4 ,7.8,13 ,6 ,3.8,0.0,0.0,0.0,3.8, 01 noviembre 2018,14:00,02:30,15:10,15:10
San Felices de Buelna,Cantabria,15.8 ,9.6 ,12.7,23 ,9 ,4.8,0.0,0.0,0.0,4.8, 01 noviembre 2018,13:40,02:50,07:30,00:10
"Torrelavega, Sierrapando",Cantabria,15.8 ,10.1 ,13.0,30 ,18 ,5.6,0.0,0.0,0.0,5.6, 01 noviembre 2018,12:00,02:20,04:30,05:20
San Vicente de la Barquera,Cantabria,15.7 ,9.6 ,12.7,37 ,25 ,6.6,0.0,0.0,0.0,6.6, 01 noviembre 2018,11:50,01:30,09:30,09:30
"Camaleño, Fuente De",Cantabria,8.3 ,0.5 ,4.4,26 ,13 ,11.4,0.0,0.0,0.0,11.4, 01 noviembre 2018,15:00,03:10,06:00,06:00
"Cillórigo de Liébana, Tama",Cantabria,14.1 ,2.5 ,8.3,15 ,10 ,3.0,0.0,0.0,0.0,3.0, 01 noviembre 2018,15:50,05:00,23:30,23:30
Tresviso,Cantabria,8.8 ,4.9 ,6.9,38 ,24 ,8.8,0.0,0.0,0.0,8.8, 01 noviembre 2018,14:20,07:00,04:50,04:40
"Santillana del Mar, Altamira",Cantabria,14.7 ,10.0 ,12.3,26 ,11 ,6.8,0.0,0.2,0.0,6.6, 01 noviembre 2018,12:00,23:59,02:30,07:20
Reinosa,Cantabria,10.7 ,1.0 ,5.8,,,1.5,0.0,0.0,0.0,1.5, 01 noviembre 2018,14:00,06:20,,
Alto Campoo,Cantabria,6.9 ,0.0 ,3.5,41 ,28 ,2.2,0.0,0.0,0.0,2.2, 01 noviembre 2018,12:00,06:20,23:20,00:30
"Valderredible, Cubillo de Ebro",Cantabria,11.9 ,-1.3 ,5.3,35 ,16 ,0.6,0.0,0.0,0.0,0.6, 01 noviembre 2018,14:20,07:50,20:10,20:10
"Valderredible, Polientes",Cantabria,11.8 ,-0.7 ,5.6,27 ,12 ,0.7,0.0,0.0,0.0,0.7, 01 noviembre 2018,14:00,08:00,22:10,22:00
Segorbe,Castelló/Castellón,,,,,,,,,,, 01 noviembre 2018,,,,
Montanejos,Castelló/Castellón,14.5 ,4.0 ,9.3,35 ,18 ,0.0,0.0,0.0,0.0,0.0, 01 noviembre 2018,14:50,05:00,16:10,16:00
Villafranca del Cid/Vilafranca,Castelló/Castellón,9.8 ,1.6 ,5.7,44 ,26 ,,,,,, 01 noviembre 2018,13:30,07:20,13:30,13:10
Atzeneta del Maestrat,Castelló/Castellón,15.9 ,2.2 ,9.0,32 ,19 ,0.0,0.0,0.0,0.0,0.0, 01 noviembre 2018,14:00,07:00,13:10,13:10
Castellón - Almassora,Castelló/Castellón,18.5 ,7.8 ,13.2,20 ,13 ,0.0,0.0,0.0,0.0,0.0, 01 noviembre 2018,13:10,07:10,15:40,03:00
Torreblanca,Castelló/Castellón,18.2 ,8.5 ,13.4,39 ,22 ,0.0,0.0,0.0,0.0,0.0, 01 noviembre 2018,15:00,08:00,10:20,10:20
La Pobla de Benifassà-Fredes,Castelló/Castellón,,,,60 ,31 ,0.2,0.2,0.0,0.0,0.0, 01 noviembre 2018,,,16:30,15:00
Vinaròs,Castelló/Castellón,19.3 ,5.9 ,12.6,24 ,13 ,0.0,0.0,0.0,0.0,0.0, 01 noviembre 2018,13:50,06:50,15:30,13:00
Morella,Castelló/Castellón,7.9 ,3.2 ,5.6,36 ,23 ,0.2,0.0,0.2,0.0,0.0, 01 noviembre 2018,14:50,05:10,13:10,02:40
Castellfort,Castelló/Castellón,6.3 ,1.9 ,4.1,,,0.1,0.0,0.1,0.0,0.0, 01 noviembre 2018,16:50,07:10,,
Ceuta,Ceuta,18.0 ,12.4 ,15.2,44 ,22 ,0.0,0.0,0.0,0.0,0.0, 01 noviembre 2018,16:30,03:10,23:10,22:40
Alcazar de San Juan,Ciudad Real,14.1 ,3.0 ,8.6,16 ,7 ,0.0,0.0,0.0,0.0,0.0, 01 noviembre 2018,15:30,08:10,16:20,16:20
Tomelloso,Ciudad Real,14.7 ,3.6 ,9.1,19 ,10 ,0.0,0.0,0.0,0.0,0.0, 01 noviembre 2018,16:30,07:10,13:40,13:30
Ciudad Real,Ciudad Real,14.9 ,4.2 ,9.5,22 ,13 ,0.0,0.0,0.0,0.0,0.0, 01 noviembre 2018,15:20,00:50,17:40,06:10
Villanueva de los Infantes,Ciudad Real,11.7 ,1.4 ,6.5,23 ,11 ,0.0,0.0,0.0,0.0,0.0, 01 noviembre 2018,16:20,04:20,15:10,22:40
Valdepeñas,Ciudad Real,13.4 ,0.7 ,7.0,13 ,6 ,0.0,0.0,0.0,0.0,0.0, 01 noviembre 2018,15:10,04:50,11:00,23:50
Viso del Marqués,Ciudad Real,13.4 ,0.5 ,6.9,19 ,12 ,0.0,0.0,0.0,0.0,0.0, 01 noviembre 2018,15:50,02:50,07:40,07:40
Abenójar,Ciudad Real,13.8 ,2.8 ,8.3,25 ,16 ,0.0,0.0,0.0,0.0,0.0, 01 noviembre 2018,15:30,04:00,16:00,16:40
Puebla de Don Rodrigo,Ciudad Real,16.7 ,1.3 ,9.0,,,,,,,, 01 noviembre 2018,15:20,04:40,,
Almadén,Ciudad Real,15.8 ,5.4 ,10.6,16 ,5 ,0.2,0.0,0.2,0.0,0.0, 01 noviembre 2018,15:20,03:10,17:40,12:50
Fuencaliente,Ciudad Real,15.3 ,3.0 ,9.2,22 ,12 ,0.2,0.0,0.0,0.2,0.0, 01 noviembre 2018,16:00,07:20,16:50,16:50
Valsequillo,Córdoba,15.9 ,2.9 ,9.4,23 ,15 ,0.2,0.0,0.2,0.0,0.0, 01 noviembre 2018,16:30,08:20,16:30,17:30
Hinojosa del Duque,Córdoba,15.5 ,2.4 ,9.0,,,0.0,0.0,0.0,0.0,0.0, 01 noviembre 2018,15:20,07:30,,
Cardeña,Córdoba,14.0 ,3.7 ,8.9,,,0.2,0.2,0.0,0.0,0.0, 01 noviembre 2018,14:00,04:10,,
Montoro,Córdoba,19.1 ,4.3 ,11.7,15 ,9 ,0.0,0.0,0.0,0.0,0.0, 01 noviembre 2018,15:50,08:20,16:10,16:10
Villanueva de Córdoba,Córdoba,13.9 ,3.5 ,8.7,23 ,13 ,0.2,0.0,0.2,0.0,0.0, 01 noviembre 2018,15:50,08:10,10:30,10:30
"Córdoba, Embalse de Guadanuño",Córdoba,16.4 ,5.6 ,11.0,24 ,13 ,0.2,0.0,0.2,0.0,0.0, 01 noviembre 2018,16:30,03:00,08:10,10:00
Córdoba Aeropuerto,Córdoba,18.8 ,5.1 ,11.9,17 ,12 ,0.0,0.0,0.0,0.0,0.0, 01 noviembre 2018,17:00,07:30,15:50,21:30
Priego de Cordoba,Córdoba,13.9 ,6.5 ,10.2,24 ,16 ,0.0,0.0,0.0,0.0,0.0, 01 noviembre 2018,15:00,23:00,15:50,15:50
Doña Mencía,Córdoba,,,,,,,0.1,0.0,0.0,, 01 noviembre 2018,,,,
"Córdoba, Prágdena",Córdoba,16.9 ,5.8 ,11.3,11 ,7 ,0.0,0.0,0.0,0.0,0.0, 01 noviembre 2018,16:50,07:40,16:10,21:00
Espiel,Córdoba,,,,,,,,,,, 01 noviembre 2018,,,,
Fuente Palmera,Córdoba,,,,,,,,,,, 01 noviembre 2018,,,,
Benamejí,Córdoba,13.7 ,6.9 ,10.3,31 ,17 ,0.0,0.0,0.0,0.0,0.0, 01 noviembre 2018,17:10,08:00,15:50,16:00
Aguilar de la Frontera,Córdoba,16.5 ,6.1 ,11.3,23 ,15 ,0.0,0.0,0.0,0.0,0.0, 01 noviembre 2018,15:30,07:50,12:40,12:50
La Rambla,Córdoba,17.6 ,5.5 ,11.6,17 ,11 ,0.2,0.0,0.2,0.0,0.0, 01 noviembre 2018,17:20,07:40,01:20,00:10
Beteta,Cuenca,8.9 ,0.3 ,4.6,,,9.6,1.8,4.8,3.0,0.0, 01 noviembre 2018,15:50,08:10,,
Cañizares,Cuenca,13.8 ,2.6 ,8.2,,,1.1,1.1,0.0,0.0,0.0, 01 noviembre 2018,14:50,07:30,,
Tarancón,Cuenca,14.6 ,3.3 ,9.0,22 ,14 ,0.0,0.0,0.0,0.0,0.0, 01 noviembre 2018,16:40,06:20,23:40,22:30
Alcázar del Rey,Cuenca,12.2 ,2.7 ,7.4,22 ,13 ,0.0,0.0,0.0,0.0,0.0, 01 noviembre 2018,14:40,08:00,14:50,15:00
Abia de Obispalia,Cuenca,12.8 ,4.0 ,8.4,27 ,15 ,0.2,0.0,0.2,0.0,0.0, 01 noviembre 2018,13:30,05:10,14:20,14:20
Villares del Saz,Cuenca,13.4 ,4.7 ,9.0,,,0.0,0.0,0.0,0.0,0.0, 01 noviembre 2018,14:00,02:30,,
Alberca de Zancara,Cuenca,13.6 ,3.0 ,8.3,26 ,15 ,0.0,0.0,0.0,0.0,0.0, 01 noviembre 2018,15:20,02:10,14:40,16:30
San Clemente,Cuenca,14.4 ,3.0 ,8.7,,,0.0,0.0,0.0,0.0,0.0, 01 noviembre 2018,16:00,08:40,,
Osa de la Vega,Cuenca,12.3 ,3.6 ,8.0,26 ,14 ,0.0,0.0,0.0,0.0,0.0, 01 noviembre 2018,17:00,08:20,12:10,12:10
Belmonte,Cuenca,14.1 ,3.4 ,8.8,24 ,12 ,0.0,0.0,0.0,0.0,0.0, 01 noviembre 2018,15:30,03:10,15:30,12:20
Cuenca,Cuenca,14.1 ,4.6 ,9.4,29 ,12 ,0.0,0.0,0.0,0.0,0.0, 01 noviembre 2018,16:00,08:00,12:00,12:10
Motilla del Palancar,Cuenca,13.6 ,2.3 ,8.0,26 ,13 ,0.0,0.0,0.0,0.0,0.0, 01 noviembre 2018,16:20,01:30,17:50,17:10
Salvacañete,Cuenca,10.5 ,1.0 ,5.8,33 ,12 ,0.0,0.0,0.0,0.0,0.0, 01 noviembre 2018,16:00,05:10,14:40,09:40
Mira,Cuenca,11.6 ,2.9 ,7.3,,,0.0,0.0,0.0,0.0,0.0, 01 noviembre 2018,16:40,23:50,,
Irún,Gipuzkoa,14.0 ,9.5 ,11.8,35 ,15 ,10.4,2.8,7.6,0.0,0.0, 01 noviembre 2018,14:30,00:00,07:30,07:10
San Sebastián Aeropuerto,Gipuzkoa,15.6 ,10.5 ,13.1,28 ,22 ,16.0,3.0,12.5,0.2,0.3, 01 noviembre 2018,14:30,04:00,02:30,02:30
Renteria,Gipuzkoa,14.7 ,8.5 ,11.6,15 ,8 ,7.2,5.8,1.0,0.0,0.4, 01 noviembre 2018,14:40,04:30,20:30,21:10
Segura - Lastala,Gipuzkoa,13.8 ,7.5 ,10.7,12 ,5 ,10.4,9.2,0.2,0.0,1.0, 01 noviembre 2018,15:00,03:20,13:30,13:40
Beasain,Gipuzkoa,13.3 ,7.6 ,10.5,15 ,8 ,11.2,9.8,0.2,0.0,1.2, 01 noviembre 2018,15:10,03:00,09:50,11:30
Ordizia,Gipuzkoa,12.3 ,7.4 ,9.9,21 ,11 ,14.8,13.2,0.2,0.0,1.4, 01 noviembre 2018,15:00,02:50,10:50,13:40
Legazpia,Gipuzkoa,11.7 ,6.5 ,9.1,,,9.8,8.0,0.2,0.0,1.6, 01 noviembre 2018,13:40,01:10,,
Zumarraga,Gipuzkoa,10.8 ,5.7 ,8.3,23 ,13 ,15.0,13.6,0.3,0.1,1.0, 01 noviembre 2018,15:00,02:50,13:00,06:10
Azpeitia,Gipuzkoa,14.0 ,8.5 ,11.3,16 ,6 ,14.0,11.6,0.8,0.0,1.6, 01 noviembre 2018,15:10,04:00,11:40,04:00
Zumaia,Gipuzkoa,16.4 ,10.2 ,13.3,35 ,13 ,9.6,7.6,0.7,0.0,1.3, 01 noviembre 2018,13:30,01:50,06:30,00:40
Aretxabaleta,Gipuzkoa,13.2 ,7.8 ,10.5,,,9.0,7.4,0.2,0.0,1.4, 01 noviembre 2018,14:20,02:30,,
Elgeta,Gipuzkoa,11.8 ,7.2 ,9.5,18 ,7 ,11.2,8.4,0.4,0.0,2.4, 01 noviembre 2018,14:30,00:00,01:20,12:10
Elgoibar,Gipuzkoa,13.8 ,8.9 ,11.3,24 ,11 ,13.8,12.0,0.5,0.0,1.3, 01 noviembre 2018,14:40,01:30,06:00,06:00
Mutriku,Gipuzkoa,14.0 ,9.6 ,11.8,48 ,32 ,14.6,11.8,1.0,0.0,1.8, 01 noviembre 2018,14:50,00:30,06:30,08:40
Blanes,Girona,17.8 ,8.9 ,13.3,30 ,21 ,2.8,2.8,0.0,0.0,0.0, 01 noviembre 2018,15:20,08:20,03:20,03:40
"Castell, Platja d'Aro",Girona,17.0 ,8.0 ,12.5,23 ,15 ,2.8,2.8,0.0,0.0,0.0, 01 noviembre 2018,14:40,08:20,04:40,04:40
Sant Pau de Segúries,Girona,11.9 ,2.6 ,7.2,20 ,10 ,2.4,2.4,0.0,0.0,0.0, 01 noviembre 2018,13:10,00:40,16:10,15:50
Planoles,Girona,12.0 ,0.4 ,6.2,18 ,12 ,3.6,3.6,0.0,0.0,0.0, 01 noviembre 2018,14:20,00:00,20:40,21:30
Ripoll,Girona,12.9 ,3.6 ,8.2,19 ,10 ,2.2,2.2,0.0,0.0,0.0, 01 noviembre 2018,16:00,09:10,13:50,13:40
Les Planes d'Hostoles,Girona,13.5 ,3.8 ,8.6,11 ,7 ,3.4,3.4,0.0,0.0,0.0, 01 noviembre 2018,12:10,23:59,12:10,12:10
Sant Hilari,Girona,10.9 ,2.2 ,6.5,15 ,9 ,7.2,7.2,0.0,0.0,0.0, 01 noviembre 2018,15:00,23:59,02:10,02:20
Girona Aeropuerto,Girona,18.2 ,7.5 ,12.9,24 ,16 ,2.0,2.0,0.0,0.0,0.0, 01 noviembre 2018,14:50,07:00,16:40,16:50
Girona,Girona,18.3 ,8.2 ,13.2,16 ,6 ,1.8,1.8,0.0,0.0,0.0, 01 noviembre 2018,15:30,08:20,14:30,16:00
Porqueres,Girona,17.7 ,6.9 ,12.3,15 ,8 ,2.1,2.0,0.0,0.1,0.0, 01 noviembre 2018,15:40,01:00,15:10,16:10
L'Estartit,Girona,16.6 ,9.3 ,13.0,21 ,14 ,2.8,2.8,0.0,0.0,0.0, 01 noviembre 2018,15:10,08:20,05:20,21:30
La Vall de Bianya,Girona,15.3 ,4.9 ,10.1,19 ,9 ,3.8,3.8,0.0,0.0,0.0, 01 noviembre 2018,13:50,01:30,14:10,15:00
Castelló d'Empúries,Girona,17.8 ,7.8 ,12.8,15 ,8 ,0.6,0.6,0.0,0.0,0.0, 01 noviembre 2018,16:10,03:10,16:50,13:30
Maçanet de Cabrenys,Girona,16.2 ,4.8 ,10.5,19 ,8 ,0.2,0.2,0.0,0.0,0.0, 01 noviembre 2018,12:50,01:50,02:50,02:50
Espolla,Girona,17.3 ,6.4 ,11.8,22 ,13 ,0.0,0.0,0.0,0.0,0.0, 01 noviembre 2018,13:20,03:10,14:00,14:00
Figueres,Girona,17.5 ,8.4 ,12.9,14 ,7 ,0.8,0.4,0.2,0.2,0.0, 01 noviembre 2018,14:40,02:40,15:00,15:10
La Molina,Girona,5.5 ,-1.4 ,2.1,23 ,10 ,4.0,1.6,2.4,0.0,0.0, 01 noviembre 2018,15:10,09:20,02:10,02:10
Baza,Granada,14.0 ,5.9 ,10.0,39 ,25 ,0.0,0.0,0.0,0.0,0.0, 01 noviembre 2018,14:50,03:20,13:00,13:30
Dólar,Granada,10.9 ,3.7 ,7.3,,,0.6,0.4,0.2,0.0,0.0, 01 noviembre 2018,15:50,23:59,,
Granada-Cartuja,Granada,17.1 ,4.7 ,10.9,26 ,11 ,0.2,0.2,0.0,0.0,0.0, 01 noviembre 2018,15:30,08:10,16:00,16:20
Granada Aeropuerto,Granada,16.2 ,5.3 ,10.8,26 ,18 ,0.0,0.0,0.0,0.0,0.0, 01 noviembre 2018,14:30,08:00,17:40,17:50
Loja,Granada,14.9 ,7.8 ,11.3,24 ,11 ,0.2,0.2,0.0,0.0,0.0, 01 noviembre 2018,15:00,08:00,13:10,14:20
Lanjarón,Granada,16.5 ,4.6 ,10.5,,,0.2,0.2,0.0,0.0,0.0, 01 noviembre 2018,15:30,07:40,,
Salobreña,Granada,21.0 ,10.3 ,15.7,34 ,17 ,0.0,0.0,0.0,0.0,0.0, 01 noviembre 2018,12:20,06:30,11:00,11:00
Motril,Granada,19.1 ,10.5 ,14.8,35 ,18 ,0.0,0.0,0.0,0.0,0.0, 01 noviembre 2018,17:20,00:40,10:10,10:00
"Motril, Puerto",Granada,,,,33 ,21 ,0.6,0.6,0.0,0.0,0.0, 01 noviembre 2018,,,10:50,12:50
Castell de Ferro,Granada,18.0 ,10.1 ,14.1,35 ,21 ,0.6,0.6,0.0,0.0,0.0, 01 noviembre 2018,15:50,00:40,02:50,02:50
Válor,Granada,15.1 ,5.0 ,10.1,,,0.4,0.4,0.0,0.0,0.0, 01 noviembre 2018,14:00,07:50,,
Molina de Aragón,Guadalajara,11.7 ,2.3 ,7.0,19 ,8 ,0.8,0.8,0.0,0.0,0.0, 01 noviembre 2018,13:40,08:10,12:30,12:30
Zaorejas,Guadalajara,10.4 ,1.2 ,5.8,23 ,13 ,0.2,0.0,0.2,0.0,0.0, 01 noviembre 2018,15:20,07:30,14:00,14:00
Pastrana,Guadalajara,12.8 ,2.2 ,7.5,,,0.2,0.0,0.2,0.0,0.0, 01 noviembre 2018,14:20,07:20,,
Pantano el Vado,Guadalajara,13.1 ,3.0 ,8.1,26 ,15 ,0.0,0.0,0.0,0.0,0.0, 01 noviembre 2018,16:00,08:20,05:50,05:50
Sigüenza,Guadalajara,,,,,,,,,,, 01 noviembre 2018,,,,
Mandayona,Guadalajara,11.5 ,2.0 ,6.8,,,0.0,0.0,0.0,0.0,0.0, 01 noviembre 2018,14:40,07:50,,
Campisábalos,Guadalajara,,,,,39 ,0.0,0.0,0.0,0.0,0.0, 01 noviembre 2018,,,,22:40
Guadalajara,Guadalajara,14.9 ,4.1 ,9.5,18 ,10 ,0.0,0.0,0.0,0.0,0.0, 01 noviembre 2018,15:30,07:50,15:30,20:30
Brihuega,Guadalajara,13.1 ,1.7 ,7.4,,,0.2,0.0,0.0,0.2,0.0, 01 noviembre 2018,14:20,08:00,,
El Pedregal,Guadalajara,,,,,,0.0,0.0,0.0,0.0,0.0, 01 noviembre 2018,,,,
Aroche,Huelva,15.7 ,2.7 ,9.2,20 ,13 ,0.2,0.2,0.0,0.0,0.0, 01 noviembre 2018,15:00,05:50,15:50,15:50
El Granado,Huelva,17.5 ,8.6 ,13.1,,,0.0,0.0,0.0,0.0,0.0, 01 noviembre 2018,16:30,08:20,,
Ayamonte,Huelva,18.5 ,9.4 ,13.9,23 ,12 ,0.1,0.0,0.1,0.0,0.0, 01 noviembre 2018,16:30,08:40,12:20,13:30
Cartaya,Huelva,19.0 ,7.7 ,13.3,25 ,13 ,0.0,0.0,0.0,0.0,0.0, 01 noviembre 2018,15:50,08:10,16:10,17:10
Alajar,Huelva,14.9 ,5.6 ,10.2,31 ,23 ,0.0,0.0,0.0,0.0,0.0, 01 noviembre 2018,16:00,02:50,07:40,07:20
Valverde del Camino,Huelva,16.8 ,6.0 ,11.4,,,0.2,0.0,0.0,0.2,0.0, 01 noviembre 2018,14:20,07:20,,
El Cerro de Andévalo,Huelva,16.7 ,5.9 ,11.3,,,0.2,0.2,0.0,0.0,0.0, 01 noviembre 2018,15:10,07:10,,
"Alosno, Tharsis",Huelva,15.6 ,6.8 ,11.2,31 ,18 ,0.2,0.2,0.0,0.0,0.0, 01 noviembre 2018,15:40,05:40,17:00,17:00
El Campillo,Huelva,15.8 ,5.6 ,10.7,32 ,22 ,0.0,0.0,0.0,0.0,0.0, 01 noviembre 2018,15:20,05:40,17:50,17:50
Villarrasa,Huelva,18.4 ,6.5 ,12.4,26 ,13 ,0.2,0.0,0.2,0.0,0.0, 01 noviembre 2018,17:10,07:50,18:00,15:30
"Huelva, Ronda Este",Huelva,18.8 ,8.1 ,13.4,27 ,18 ,0.0,0.0,0.0,0.0,0.0, 01 noviembre 2018,15:30,07:50,16:40,17:00
Cala,Huelva,13.1 ,3.9 ,8.5,25 ,14 ,0.0,0.0,0.0,0.0,0.0, 01 noviembre 2018,15:50,07:20,16:10,16:20
Almonte,Huelva,18.8 ,6.4 ,12.6,22 ,16 ,0.2,0.0,0.2,0.0,0.0, 01 noviembre 2018,16:00,07:50,15:40,15:40
"Moguer, El Arenosillo",Huelva,17.9 ,7.8 ,12.8,22 ,12 ,0.1,0.0,0.1,0.0,0.0, 01 noviembre 2018,17:40,07:50,15:30,16:00
Canfranc,Huesca,7.6 ,-0.9 ,3.3,18 ,8 ,0.0,0.0,0.0,0.0,0.0, 01 noviembre 2018,13:00,03:40,12:20,12:20
Jaca,Huesca,8.8 ,0.0 ,4.4,23 ,15 ,0.1,0.1,0.0,0.0,0.0, 01 noviembre 2018,15:50,07:00,04:00,02:50
"Valle de Hecho, Hecho",Huesca,10.6 ,0.0 ,5.3,26 ,17 ,0.0,0.0,0.0,0.0,0.0, 01 noviembre 2018,12:50,03:20,11:30,11:30
Aragüés del Puerto,Huesca,8.8 ,1.1 ,5.0,23 ,12 ,1.8,0.0,0.0,1.8,0.0, 01 noviembre 2018,12:50,06:20,11:00,10:50
Bailo,Huesca,11.6 ,3.6 ,7.6,27 ,21 ,0.0,0.0,0.0,0.0,0.0, 01 noviembre 2018,14:10,03:10,13:10,13:10
Biescas,Huesca,9.5 ,-0.8 ,4.3,24 ,11 ,0.0,0.0,0.0,0.0,0.0, 01 noviembre 2018,13:50,06:20,14:50,16:40
Sabiñánigo,Huesca,10.4 ,1.3 ,5.8,16 ,9 ,0.4,0.4,0.0,0.0,0.0, 01 noviembre 2018,13:30,07:10,17:00,17:00
Almudévar,Huesca,13.8 ,5.1 ,9.5,28 ,16 ,0.0,0.0,0.0,0.0,0.0, 01 noviembre 2018,15:10,07:50,15:10,11:10
Sopeira,Huesca,12.9 ,3.3 ,8.1,36 ,27 ,2.2,2.2,0.0,0.0,0.0, 01 noviembre 2018,15:10,08:20,08:40,23:30
Benabarre,Huesca,11.5 ,2.5 ,7.0,29 ,20 ,0.2,0.2,0.0,0.0,0.0, 01 noviembre 2018,14:10,07:20,02:40,02:30
Bielsa,Huesca,12.2 ,-0.3 ,5.9,23 ,9 ,0.0,0.0,0.0,0.0,0.0, 01 noviembre 2018,13:10,07:00,14:10,14:00
Ainsa,Huesca,13.9 ,2.7 ,8.3,19 ,12 ,0.4,0.4,0.0,0.0,0.0, 01 noviembre 2018,14:10,07:50,12:40,12:40
Torla - Depósito,Huesca,14.7 ,0.7 ,7.7,22 ,12 ,0.0,0.0,0.0,0.0,0.0, 01 noviembre 2018,13:40,06:20,15:10,15:10
Benasque,Huesca,11.3 ,-1.7 ,4.8,17 ,9 ,0.0,0.0,0.0,0.0,0.0, 01 noviembre 2018,15:40,08:10,14:30,14:30
Seira,Huesca,13.3 ,1.6 ,7.5,12 ,7 ,0.4,0.4,0.0,0.0,0.0, 01 noviembre 2018,15:40,06:20,13:20,14:40
Capella,Huesca,12.7 ,2.5 ,7.6,15 ,9 ,2.0,2.0,0.0,0.0,0.0, 01 noviembre 2018,16:00,07:50,02:20,20:40
Barbastro,Huesca,14.9 ,4.2 ,9.5,13 ,8 ,0.0,0.0,0.0,0.0,0.0, 01 noviembre 2018,16:40,08:00,00:20,14:30
"Sariñena, Depósito agua",Huesca,14.2 ,5.8 ,10.0,33 ,16 ,0.0,0.0,0.0,0.0,0.0, 01 noviembre 2018,13:50,07:40,13:50,14:10
Huesca Aeropuerto,Huesca,11.9 ,5.0 ,8.4,19 ,10 ,0.4,0.4,0.0,0.0,0.0, 01 noviembre 2018,13:00,07:40,13:30,00:10
Huesca,Huesca,12.9 ,5.3 ,9.1,,,1.0,1.0,0.0,0.0,0.0, 01 noviembre 2018,15:10,08:00,,
Lanaja,Huesca,13.6 ,5.8 ,9.7,36 ,24 ,0.2,0.0,0.0,0.2,0.0, 01 noviembre 2018,14:50,05:50,13:20,13:00
Ballobar,Huesca,15.6 ,6.8 ,11.2,27 ,17 ,0.0,0.0,0.0,0.0,0.0, 01 noviembre 2018,14:40,00:10,12:40,12:40
Tamarite de Litera,Huesca,15.7 ,6.0 ,10.8,25 ,15 ,0.0,0.0,0.0,0.0,0.0, 01 noviembre 2018,14:30,23:59,00:30,00:40
Fraga,Huesca,15.2 ,7.4 ,11.3,28 ,18 ,0.0,0.0,0.0,0.0,0.0, 01 noviembre 2018,15:30,02:10,15:40,14:50
"Escorca, Lluc",Illes Balears,12.4 ,8.4 ,10.4,40 ,13 ,8.6,1.5,3.9,0.6,2.6, 01 noviembre 2018,13:30,03:50,00:20,00:20
Banyalbufar,Illes Balears,15.4 ,12.7 ,14.0,44 ,20 ,19.4,0.0,3.4,6.8,9.2, 01 noviembre 2018,12:40,08:10,00:20,00:20
Andratx,Illes Balears,15.6 ,9.7 ,12.7,18 ,5 ,10.3,0.2,6.4,3.4,0.3, 01 noviembre 2018,23:50,02:10,06:00,01:20
"Calvià, Es Capdellà",Illes Balears,17.6 ,9.7 ,13.7,25 ,12 ,6.2,1.4,3.4,0.4,1.0, 01 noviembre 2018,16:10,02:30,06:10,17:50
"Palma, Puerto",Illes Balears,17.3 ,12.6 ,14.9,36 ,17 ,3.1,0.0,2.6,0.2,0.3, 01 noviembre 2018,15:10,02:20,06:10,06:10
"Palma, Universitat",Illes Balears,16.6 ,8.1 ,12.4,20 ,9 ,6.2,1.2,3.6,0.0,1.4, 01 noviembre 2018,16:20,03:40,23:10,22:40
"Sierra de Alfabia, Bunyola",Illes Balears,8.1 ,4.7 ,6.4,50 ,35 ,16.6,4.7,4.2,1.0,6.7, 01 noviembre 2018,15:40,00:00,01:20,23:00
"Palma de Mallorca, Aeropuerto",Illes Balears,16.6 ,11.7 ,14.2,39 ,25 ,2.0,0.5,1.3,0.2,0.0, 01 noviembre 2018,15:40,04:20,01:10,01:20
"Llucmajor, Cap Blanc",Illes Balears,16.5 ,12.7 ,14.6,50 ,28 ,7.4,1.6,5.8,0.0,0.0, 01 noviembre 2018,15:30,21:00,01:30,01:20
Llucmajor,Illes Balears,15.6 ,10.8 ,13.2,,,5.0,1.0,3.8,0.2,0.0, 01 noviembre 2018,15:00,03:30,,
Porreres,Illes Balears,15.9 ,10.2 ,13.0,27 ,14 ,4.2,1.2,3.0,0.0,0.0, 01 noviembre 2018,15:40,03:40,00:20,00:20
"Campos, Can Sion",Illes Balears,17.6 ,9.4 ,13.5,33 ,14 ,3.6,1.4,2.0,0.2,0.0, 01 noviembre 2018,14:10,23:20,00:10,00:10
"Campos, Salines Llevant",Illes Balears,17.1 ,10.7 ,13.9,38 ,21 ,3.8,2.6,1.2,0.0,0.0, 01 noviembre 2018,14:20,23:30,01:30,01:30
Santanyí,Illes Balears,16.6 ,11.9 ,14.3,38 ,19 ,4.6,2.9,1.7,0.0,0.0, 01 noviembre 2018,13:50,23:59,00:30,01:30
Son Servera,Illes Balears,16.0 ,11.2 ,13.6,51 ,31 ,4.0,0.6,0.8,1.8,0.8, 01 noviembre 2018,15:20,05:20,00:30,00:30
Artà,Illes Balears,15.3 ,10.4 ,12.8,,,5.4,0.0,3.2,1.8,0.4, 01 noviembre 2018,15:20,05:30,,
Capdepera,Illes Balears,17.4 ,13.9 ,15.6,67 ,46 ,5.2,0.1,1.0,1.2,2.9, 01 noviembre 2018,22:00,23:50,00:40,00:40
Artà-Colònia de Sant Pere,Illes Balears,15.6 ,12.5 ,14.1,,,9.4,0.0,3.0,3.2,3.2, 01 noviembre 2018,22:00,09:30,,
"Muro, S'Albufera",Illes Balears,,,,,,,,,,, 01 noviembre 2018,,,,
Manacor,Illes Balears,15.4 ,11.7 ,13.5,51 ,22 ,4.8,0.0,2.2,2.6,0.0, 01 noviembre 2018,15:20,20:40,00:20,00:20
Sineu,Illes Balears,15.2 ,9.7 ,12.4,24 ,12 ,4.6,0.0,4.4,0.2,0.0, 01 noviembre 2018,15:30,04:20,00:10,00:30
Santa María del Camí,Illes Balears,16.2 ,9.2 ,12.7,15 ,9 ,4.8,0.0,4.0,0.6,0.2, 01 noviembre 2018,17:30,04:40,14:40,14:40
Binissalem,Illes Balears,15.3 ,9.5 ,12.4,16 ,10 ,3.8,0.4,3.0,0.4,0.0, 01 noviembre 2018,14:10,04:10,01:10,11:20
"Escorca, Son Torrella",Illes Balears,10.3 ,6.7 ,8.5,,,11.2,0.6,4.2,2.2,4.2, 01 noviembre 2018,13:50,03:50,,
Sa Pobla,Illes Balears,16.2 ,9.5 ,12.9,20 ,13 ,5.2,0.2,4.8,0.0,0.2, 01 noviembre 2018,16:00,05:00,17:20,16:20
Pollença,Illes Balears,16.7 ,9.1 ,12.9,44 ,20 ,9.6,0.0,4.6,0.0,5.0, 01 noviembre 2018,13:10,04:10,00:30,00:40
Port de Pollença,Illes Balears,16.2 ,10.1 ,13.2,23 ,15 ,8.8,0.0,2.8,1.4,4.6, 01 noviembre 2018,13:30,04:30,16:40,00:20
"La Mola, Maó/Mahón",Illes Balears,,,,,,,,,,, 01 noviembre 2018,,,,
Es Mercadal,Illes Balears,16.1 ,12.0 ,14.1,53 ,31 ,18.4,3.0,2.8,12.6,0.0, 01 noviembre 2018,13:10,06:10,02:40,00:10
Ciutadella,Illes Balears,17.0 ,14.6 ,15.8,,,6.6,0.0,2.2,4.4,0.0, 01 noviembre 2018,13:00,04:20,,
"Ciutadella, Cala Galdana",Illes Balears,16.9 ,14.2 ,15.5,40 ,14 ,9.4,0.0,5.0,4.0,0.4, 01 noviembre 2018,13:10,15:20,00:30,00:30
"Menorca, Aeropuerto",Illes Balears,17.8 ,14.7 ,16.2,50 ,35 ,1.9,0.0,1.2,0.5,0.2, 01 noviembre 2018,13:20,09:00,00:20,00:30
Sant Joan de Labritja,Illes Balears,15.8 ,8.1 ,12.0,,,2.4,0.0,2.2,0.2,0.0, 01 noviembre 2018,12:30,00:40,,
Sant Antoni de Portmany,Illes Balears,18.1 ,10.4 ,14.3,30 ,14 ,0.6,0.2,0.0,0.4,0.0, 01 noviembre 2018,13:30,00:50,13:40,16:30
"Ibiza, Aeropuerto",Illes Balears,18.2 ,11.3 ,14.8,39 ,26 ,0.6,0.1,0.1,0.4,0.0, 01 noviembre 2018,12:40,21:40,14:10,14:10
Eivissa,Illes Balears,,,,,,,0.0,0.2,,, 01 noviembre 2018,,,,
Formentera,Illes Balears,18.4 ,12.9 ,15.6,35 ,19 ,0.6,0.5,0.1,0.0,0.0, 01 noviembre 2018,14:20,22:50,00:20,14:50
Cazorla,Jaén,11.7 ,4.9 ,8.3,,,0.0,0.0,0.0,0.0,0.0, 01 noviembre 2018,14:00,08:20,,
Baeza,Jaén,14.7 ,3.5 ,9.1,12 ,6 ,0.0,0.0,0.0,0.0,0.0, 01 noviembre 2018,14:40,08:30,13:40,23:30
Torres,Jaén,10.9 ,3.5 ,7.2,,,0.4,0.4,0.0,0.0,0.0, 01 noviembre 2018,14:50,08:10,,
Arroyo del Ojanco,Jaén,14.5 ,2.8 ,8.6,13 ,10 ,0.0,0.0,0.0,0.0,0.0, 01 noviembre 2018,14:50,06:10,11:50,02:00
Villarrodrigo,Jaén,11.6 ,3.1 ,7.4,,,,,,,, 01 noviembre 2018,15:10,03:50,,
Villanueva del Arzobispo,Jaén,13.5 ,2.1 ,7.8,16 ,8 ,0.0,0.0,0.0,0.0,0.0, 01 noviembre 2018,13:50,07:40,12:20,12:20
Santa Elena,Jaén,12.1 ,3.3 ,7.7,17 ,9 ,0.0,0.0,0.0,0.0,0.0, 01 noviembre 2018,16:50,02:40,12:30,02:50
Jaén,Jaén,13.8 ,5.5 ,9.7,19 ,11 ,0.0,0.0,0.0,0.0,0.0, 01 noviembre 2018,14:30,06:10,13:40,23:50
Linares,Jaén,13.9 ,5.6 ,9.7,18 ,5 ,0.0,0.0,0.0,0.0,0.0, 01 noviembre 2018,16:10,07:50,09:00,09:00
Bailén,Jaén,15.1 ,5.0 ,10.1,10 ,5 ,,,,,, 01 noviembre 2018,16:00,08:00,14:10,00:40
Andújar,Jaén,19.2 ,3.6 ,11.4,14 ,7 ,0.0,0.0,0.0,0.0,0.0, 01 noviembre 2018,16:10,07:40,15:00,19:00
Alcalá La Real,Jaén,12.1 ,4.3 ,8.2,20 ,12 ,0.4,0.4,0.0,0.0,0.0, 01 noviembre 2018,15:10,08:10,12:20,12:20
"Valdezcaray, estación de esquí",La Rioja,5.8 ,-1.0 ,2.4,40 ,21 ,7.8,6.2,0.2,0.0,1.4, 01 noviembre 2018,13:00,05:50,22:30,21:30
Haro,La Rioja,12.8 ,5.6 ,9.2,,,4.6,3.6,0.0,0.0,1.0, 01 noviembre 2018,13:50,08:20,,
Anguiano,La Rioja,8.4 ,2.0 ,5.2,,,2.6,2.0,0.0,0.0,0.6, 01 noviembre 2018,15:20,07:00,,
Nájera,La Rioja,13.0 ,5.8 ,9.4,17 ,9 ,4.4,4.0,0.0,0.0,0.4, 01 noviembre 2018,14:10,07:40,00:30,06:30
Cenicero,La Rioja,13.6 ,5.8 ,9.7,20 ,11 ,4.8,4.4,0.0,0.0,0.4, 01 noviembre 2018,14:00,07:50,14:10,12:00
Logroño Aeropuerto,La Rioja,15.2 ,7.3 ,11.3,28 ,15 ,0.3,0.3,0.0,0.0,0.0, 01 noviembre 2018,14:30,07:40,11:30,11:40
Enciso,La Rioja,10.9 ,4.1 ,7.5,33 ,17 ,0.4,0.2,0.0,0.2,0.0, 01 noviembre 2018,14:10,00:30,12:10,12:10
Alfaro,La Rioja,15.0 ,7.7 ,11.3,23 ,14 ,0.0,0.0,0.0,0.0,0.0, 01 noviembre 2018,13:00,02:50,13:00,14:00
Tías,Las Palmas,20.4 ,15.4 ,17.9,49 ,33 ,1.4,0.0,1.4,0.0,0.0, 01 noviembre 2018,14:30,02:10,10:00,16:00
Yaiza Playa Blanca,Las Palmas,23.7 ,18.9 ,21.3,40 ,25 ,0.0,0.0,0.0,0.0,0.0, 01 noviembre 2018,13:00,02:50,10:00,10:30
Lanzarote Aeropuerto,Las Palmas,25.8 ,17.6 ,21.7,52 ,39 ,0.0,0.0,0.0,0.0,0.0, 01 noviembre 2018,13:30,05:00,14:50,15:00
Haría,Las Palmas,21.4 ,17.5 ,19.4,53 ,32 ,0.0,0.0,0.0,0.0,0.0, 01 noviembre 2018,12:50,22:40,07:00,07:00
Tinajo,Las Palmas,20.4 ,16.6 ,18.5,50 ,32 ,1.4,0.0,1.4,0.0,0.0, 01 noviembre 2018,12:40,03:50,23:30,15:50
Pájara,Las Palmas,25.8 ,20.1 ,22.9,45 ,21 ,0.0,0.0,0.0,0.0,0.0, 01 noviembre 2018,09:40,22:20,16:10,14:10
"Tuineje,Puerto Gran Tarajal",Las Palmas,25.5 ,17.7 ,21.6,40 ,26 ,0.0,0.0,0.0,0.0,0.0, 01 noviembre 2018,14:40,04:40,16:20,17:10
Antigua,Las Palmas,21.8 ,15.7 ,18.7,48 ,32 ,1.2,0.0,1.2,0.0,0.0, 01 noviembre 2018,14:20,01:30,11:40,10:40
Fuerteventura Aeropuerto,Las Palmas,25.4 ,17.6 ,21.5,48 ,39 ,3.4,0.0,3.4,0.0,0.0, 01 noviembre 2018,14:50,04:00,22:40,22:30
La Oliva,Las Palmas,22.3 ,15.7 ,19.0,38 ,21 ,1.4,0.0,1.4,0.0,0.0, 01 noviembre 2018,13:30,04:40,17:00,17:10
"La Oliva, Puerto de Corralejo",Las Palmas,23.1 ,20.2 ,21.7,45 ,35 ,1.6,0.0,1.6,0.0,0.0, 01 noviembre 2018,12:20,08:20,13:00,16:20
Vega de San Mateo,Las Palmas,11.6 ,6.1 ,8.9,43 ,26 ,5.6,0.2,0.2,5.0,0.2, 01 noviembre 2018,15:20,00:20,21:00,18:20
"Tejeda, Cruz de Tejeda",Las Palmas,12.7 ,7.4 ,10.0,64 ,39 ,9.6,0.2,0.2,4.6,4.6, 01 noviembre 2018,11:30,00:00,20:50,19:10
Tejeda,Las Palmas,17.0 ,12.3 ,14.7,48 ,25 ,1.2,0.0,0.0,1.2,0.0, 01 noviembre 2018,13:00,00:10,20:10,21:50
Agaete,Las Palmas,22.9 ,19.8 ,21.3,45 ,24 ,0.0,0.0,0.0,0.0,0.0, 01 noviembre 2018,14:10,12:50,18:10,17:00
La Aldea de San Nicolás,Las Palmas,25.9 ,19.8 ,22.8,54 ,31 ,0.8,0.2,0.0,0.6,0.0, 01 noviembre 2018,12:10,06:00,23:30,22:20
"San Bartolome Tirajana, Cuevas del Pinar",Las Palmas,17.1 ,9.6 ,13.4,39 ,18 ,0.0,0.0,0.0,0.0,0.0, 01 noviembre 2018,12:10,02:10,16:30,16:40
"San Bartolome Tirajana, Lomo Pedro Alfonso",Las Palmas,20.7 ,12.8 ,16.8,23 ,12 ,0.0,0.0,0.0,0.0,0.0, 01 noviembre 2018,12:20,00:40,11:20,15:30
"La Aldea de San Nicolás, Tasarte",Las Palmas,23.0 ,17.5 ,20.3,49 ,31 ,0.0,0.0,0.0,0.0,0.0, 01 noviembre 2018,17:00,23:59,12:00,12:10
"Mogán, Puerto Rico",Las Palmas,26.7 ,19.1 ,22.9,21 ,19 ,0.0,0.0,0.0,0.0,0.0, 01 noviembre 2018,09:00,05:40,14:00,14:00
"San Bartolome Tirajana, Las Tirajanas",Las Palmas,22.4 ,10.2 ,16.3,21 ,10 ,0.0,0.0,0.0,0.0,0.0, 01 noviembre 2018,12:30,04:20,12:00,17:10
"Maspalomas, C. Insular Turismo",Las Palmas,25.6 ,18.5 ,22.1,29 ,13 ,0.0,0.0,0.0,0.0,0.0, 01 noviembre 2018,15:00,05:50,23:20,11:30
"San Bartolome Tirajana, El Matorral",Las Palmas,24.7 ,16.7 ,20.7,53 ,34 ,0.0,0.0,0.0,0.0,0.0, 01 noviembre 2018,14:20,06:00,14:50,14:50
Agüimes,Las Palmas,24.7 ,15.9 ,20.3,52 ,39 ,0.6,0.0,0.0,0.6,0.0, 01 noviembre 2018,11:20,06:20,12:50,12:50
"Telde, Centro Forestal Doramas",Las Palmas,22.7 ,16.9 ,19.8,39 ,22 ,1.2,0.0,0.0,1.2,0.0, 01 noviembre 2018,11:00,00:40,09:50,12:20
Gran Canaria Aeropuerto,Las Palmas,25.0 ,18.5 ,21.8,54 ,34 ,0.2,0.0,0.0,0.2,0.0, 01 noviembre 2018,11:20,06:00,12:30,16:30
"Telde, Melenara",Las Palmas,24.7 ,19.1 ,21.9,39 ,21 ,0.0,0.0,0.0,0.0,0.0, 01 noviembre 2018,11:50,01:20,18:10,13:00
Teror,Las Palmas,20.3 ,13.9 ,17.1,28 ,14 ,7.6,0.4,0.0,7.0,0.2, 01 noviembre 2018,10:40,00:00,12:50,15:20
"Las Palmas de Gran Canaria, Tafira",Las Palmas,20.9 ,17.2 ,19.1,34 ,20 ,1.6,0.0,0.0,1.6,0.0, 01 noviembre 2018,10:50,00:00,11:30,12:10
"Las Palmas de Gran Canaria, San Cristobal",Las Palmas,22.7 ,18.3 ,20.5,48 ,28 ,0.8,0.0,0.1,0.7,0.0, 01 noviembre 2018,13:40,12:10,11:10,11:00
"Las Palmas de Gran Canaria, Pl. de la Feria",Las Palmas,23.5 ,20.8 ,22.1,32 ,19 ,1.8,0.0,1.4,0.4,0.0, 01 noviembre 2018,10:50,03:20,12:00,11:20
Valleseco,Las Palmas,17.5 ,12.0 ,14.8,35 ,18 ,8.4,0.6,0.2,7.4,0.2, 01 noviembre 2018,11:50,00:00,16:40,15:20
Agaete - Suerte Alta,Las Palmas,19.6 ,16.9 ,18.3,41 ,26 ,4.6,0.4,0.0,4.2,0.0, 01 noviembre 2018,11:10,04:40,21:40,21:20
Arucas,Las Palmas,22.9 ,19.0 ,20.9,26 ,15 ,1.2,0.0,0.4,0.8,0.0, 01 noviembre 2018,10:20,05:30,11:40,11:40
Maspalomas,Las Palmas,25.3 ,17.5 ,21.4,41 ,23 ,0.0,0.0,0.0,0.0,0.0, 01 noviembre 2018,16:30,04:50,23:30,21:50
Teguise,Las Palmas,25.0 ,19.1 ,22.1,46 ,35 ,0.2,0.0,0.2,0.0,0.0, 01 noviembre 2018,12:50,02:50,23:50,16:10
"Posada de Valdeón, Soto",León,7.5 ,1.0 ,4.3,,,19.4,0.0,0.6,0.0,18.8, 01 noviembre 2018,14:40,02:20,,
Villablino,León,8.6 ,0.4 ,4.5,30 ,18 ,6.0,0.0,0.0,0.8,5.2, 01 noviembre 2018,11:40,00:50,13:20,13:20
Ponferrada,León,11.7 ,3.1 ,7.4,18 ,9 ,0.4,0.0,0.0,0.0,0.4, 01 noviembre 2018,16:10,02:30,18:40,18:50
Vega de Espinareda,León,10.0 ,1.5 ,5.8,,,5.2,0.0,0.0,0.0,5.2, 01 noviembre 2018,15:00,00:20,,
Riaño,León,9.4 ,2.0 ,5.7,26 ,16 ,3.0,0.0,0.0,0.0,3.0, 01 noviembre 2018,14:40,03:30,01:20,01:20
Cubillas de Rueda,León,9.6 ,-2.3 ,3.7,23 ,14 ,1.0,0.0,0.2,0.0,0.8, 01 noviembre 2018,14:20,07:50,15:10,15:10
"León, Virgen del Camino",León,10.2 ,0.4 ,5.3,32 ,21 ,0.0,0.0,0.0,0.0,0.0, 01 noviembre 2018,12:30,01:30,15:20,15:10
Valencia de Don Juan,León,10.8 ,1.7 ,6.3,24 ,17 ,0.4,0.0,0.0,0.0,0.4, 01 noviembre 2018,15:40,03:10,13:40,13:40
"Barrios de Luna, Miñera",León,8.7 ,1.5 ,5.1,21 ,9 ,1.6,0.0,0.0,0.0,1.6, 01 noviembre 2018,11:20,07:00,05:00,04:50
"Quintana del Castillo, Villameca",León,7.9 ,1.7 ,4.8,36 ,20 ,1.0,0.0,0.0,0.0,1.0, 01 noviembre 2018,14:50,01:10,23:50,15:40
Astorga,León,11.8 ,1.4 ,6.6,28 ,17 ,0.6,0.0,0.0,0.0,0.6, 01 noviembre 2018,11:40,01:40,17:00,12:20
Lagunas de Somoza,León,10.6 ,0.6 ,5.6,24 ,19 ,0.0,0.0,0.0,0.0,0.0, 01 noviembre 2018,15:10,00:50,01:30,01:40
Bustillo del Páramo,León,10.1 ,0.4 ,5.3,25 ,17 ,0.2,0.0,0.0,0.0,0.2, 01 noviembre 2018,13:00,02:50,13:40,13:40
Martinet,Lleida,12.1 ,0.2 ,6.2,16 ,9 ,6.2,6.2,0.0,0.0,0.0, 01 noviembre 2018,15:10,23:59,16:40,00:10
La Seu d'Urgell,Lleida,13.4 ,2.9 ,8.1,,,5.8,5.8,0.0,0.0,0.0, 01 noviembre 2018,15:20,23:30,,
Tuixent,Lleida,9.6 ,0.1 ,4.9,14 ,9 ,12.0,12.0,0.0,0.0,0.0, 01 noviembre 2018,15:00,04:10,14:00,15:30
Coll de Nargó,Lleida,15.5 ,2.8 ,9.1,17 ,12 ,7.2,7.0,0.2,0.0,0.0, 01 noviembre 2018,16:20,07:20,12:50,12:40
Torà,Lleida,13.9 ,4.4 ,9.1,,,3.2,3.2,0.0,0.0,0.0, 01 noviembre 2018,15:40,07:50,,
Artesa de Segre,Lleida,15.7 ,5.5 ,10.6,,,0.8,0.8,0.0,0.0,0.0, 01 noviembre 2018,15:30,08:00,,
Esterri d'Àneu,Lleida,12.6 ,1.0 ,6.8,21 ,9 ,0.4,0.4,0.0,0.0,0.0, 01 noviembre 2018,14:20,09:00,13:50,14:00
Torre de Cabdella,Lleida,,,,,,,0.8,0.0,,, 01 noviembre 2018,,,,
Talarn,Lleida,12.9 ,2.3 ,7.6,21 ,12 ,2.8,2.8,0.0,0.0,0.0, 01 noviembre 2018,14:50,07:00,13:40,13:20
Llimiana,Lleida,15.3 ,4.6 ,10.0,18 ,11 ,0.8,0.8,0.0,0.0,0.0, 01 noviembre 2018,15:10,07:40,14:10,14:10
Granyanella,Lleida,13.2 ,6.3 ,9.8,,,0.2,0.2,0.0,0.0,0.0, 01 noviembre 2018,15:00,08:10,,
Tàrrega,Lleida,14.3 ,6.2 ,10.3,21 ,8 ,0.3,0.3,0.0,0.0,0.0, 01 noviembre 2018,15:30,08:00,01:30,04:50
Os de Balaguer,Lleida,15.2 ,6.1 ,10.6,28 ,15 ,0.0,0.0,0.0,0.0,0.0, 01 noviembre 2018,14:40,20:40,00:10,00:50
Mollerussa,Lleida,15.7 ,6.8 ,11.3,22 ,11 ,0.2,0.2,0.0,0.0,0.0, 01 noviembre 2018,15:30,23:40,14:40,14:40
Vall de Boí,Lleida,12.3 ,-0.2 ,6.1,22 ,14 ,1.0,1.0,0.0,0.0,0.0, 01 noviembre 2018,15:50,08:40,12:30,12:30
Lleida,Lleida,16.5 ,7.6 ,12.0,27 ,16 ,0.0,0.0,0.0,0.0,0.0, 01 noviembre 2018,15:50,05:30,00:30,00:30
La Pobla de Cérvoles,Lleida,11.1 ,4.5 ,7.8,,,0.4,0.4,0.0,0.0,0.0, 01 noviembre 2018,13:40,23:59,,
El Soleràs,Lleida,12.6 ,6.0 ,9.3,,,0.0,0.0,0.0,0.0,0.0, 01 noviembre 2018,15:20,23:59,,
"Naut Aran, Arties",Lleida,11.6 ,-0.4 ,5.6,14 ,6 ,0.0,0.0,0.0,0.0,0.0, 01 noviembre 2018,14:30,08:20,16:40,08:40
Cervantes,Lugo,9.4 ,3.0 ,6.2,41 ,17 ,3.4,0.4,0.2,0.2,2.6, 01 noviembre 2018,23:30,06:50,23:40,23:40
Ribadeo,Lugo,14.7 ,10.3 ,12.5,61 ,43 ,0.0,0.0,0.0,0.0,0.0, 01 noviembre 2018,16:00,07:10,21:30,17:50
Mondoñedo,Lugo,13.8 ,7.6 ,10.7,,,0.0,0.0,0.0,0.0,0.0, 01 noviembre 2018,15:20,03:00,,
Burela,Lugo,15.9 ,10.3 ,13.1,,,0.2,0.0,0.0,0.0,0.2, 01 noviembre 2018,21:40,03:30,,
Lugo Aeropuerto,Lugo,11.5 ,6.6 ,9.0,34 ,14 ,2.6,0.6,0.0,0.2,1.8, 01 noviembre 2018,14:50,08:00,20:50,15:30
Lugo,Lugo,12.1 ,5.7 ,8.9,25 ,12 ,1.2,0.2,0.0,0.0,1.0, 01 noviembre 2018,13:40,07:40,15:20,15:30
O Páramo,Lugo,12.6 ,6.2 ,9.4,,,1.4,0.8,0.0,0.2,0.4, 01 noviembre 2018,14:30,08:00,,
Becerreá,Lugo,8.5 ,3.0 ,5.8,47 ,17 ,5.8,0.6,0.0,0.2,5.0, 01 noviembre 2018,23:59,05:50,21:00,21:50
O Saviñao,Lugo,11.3 ,6.5 ,8.9,,18 ,0.0,0.0,0.0,0.0,0.0, 01 noviembre 2018,13:40,09:00,,19:30
Folgoso do Courel,Lugo,10.6 ,3.0 ,6.8,,,7.4,0.2,0.0,0.4,6.8, 01 noviembre 2018,14:30,00:30,,
Monforte de Lemos,Lugo,14.3 ,5.8 ,10.1,16 ,6 ,1.2,0.0,0.0,0.0,1.2, 01 noviembre 2018,13:30,00:00,14:00,17:20
Puerto de Navacerrada,Madrid,4.0 ,-0.8 ,1.6,43 ,22 ,3.6,3.4,0.2,0.0,0.0, 01 noviembre 2018,15:30,02:20,21:30,22:00
Aranjuez,Madrid,,,,,,,,,,, 01 noviembre 2018,,,,
Rascafría,Madrid,12.6 ,1.9 ,7.3,28 ,10 ,0.2,0.0,0.0,0.2,0.0, 01 noviembre 2018,14:40,06:20,06:40,13:10
Buitrago del Lozoya,Madrid,11.5 ,1.9 ,6.7,29 ,17 ,0.0,0.0,0.0,0.0,0.0, 01 noviembre 2018,14:50,08:10,10:50,11:00
"Madrid, El Goloso",Madrid,13.5 ,2.6 ,8.0,15 ,7 ,0.0,0.0,0.0,0.0,0.0, 01 noviembre 2018,13:40,07:50,13:00,13:00
Madrid Aeropuerto,Madrid,15.3 ,3.9 ,9.6,32 ,19 ,0.0,0.0,0.0,0.0,0.0, 01 noviembre 2018,16:10,07:20,21:50,21:50
Alcala de Henares,Madrid,15.4 ,2.5 ,8.9,18 ,11 ,0.0,0.0,0.0,0.0,0.0, 01 noviembre 2018,14:40,08:00,15:20,15:20
Arganda del Rey,Madrid,15.7 ,3.0 ,9.3,20 ,14 ,0.0,0.0,0.0,0.0,0.0, 01 noviembre 2018,16:00,08:00,17:30,17:40
Colmenar Viejo,Madrid,11.4 ,3.2 ,7.3,21 ,11 ,0.0,0.0,0.0,0.0,0.0, 01 noviembre 2018,15:50,06:30,16:30,16:00
"Madrid, Ciudad Universitaria",Madrid,15.7 ,2.1 ,8.9,21 ,10 ,0.0,0.0,0.0,0.0,0.0, 01 noviembre 2018,16:00,07:50,16:50,17:40
Pozuelo de Alarcón,Madrid,16.3 ,1.0 ,8.6,,,0.0,0.0,0.0,0.0,0.0, 01 noviembre 2018,15:40,07:30,,
"Madrid, Retiro",Madrid,13.6 ,4.2 ,8.9,19 ,9 ,0.0,0.0,0.0,0.0,0.0, 01 noviembre 2018,14:00,06:30,17:00,17:50
Tielmes,Madrid,14.4 ,3.8 ,9.1,,,0.0,0.0,0.0,0.0,0.0, 01 noviembre 2018,14:50,07:40,,
Puerto Alto del León,Madrid,6.5 ,0.1 ,3.3,,,0.7,0.7,0.0,0.0,0.0, 01 noviembre 2018,14:50,08:20,,
Alpedrete,Madrid,14.2 ,5.8 ,10.0,36 ,21 ,0.0,0.0,0.0,0.0,0.0, 01 noviembre 2018,15:00,04:20,07:50,06:40
Torrelodones,Madrid,14.6 ,3.5 ,9.1,35 ,18 ,0.0,0.0,0.0,0.0,0.0, 01 noviembre 2018,15:30,05:40,02:40,02:40
Rozas de Puerto Real,Madrid,12.7 ,1.7 ,7.2,,,,0.2,,0.0,0.0, 01 noviembre 2018,14:50,06:10,,
Robledo de Chavela,Madrid,,,,,,,,,,, 01 noviembre 2018,,,,
Valdemorillo,Madrid,14.6 ,4.2 ,9.4,27 ,14 ,0.0,0.0,0.0,0.0,0.0, 01 noviembre 2018,14:40,07:10,23:20,15:50
Villanueva de la Cañada,Madrid,16.5 ,2.1 ,9.3,31 ,19 ,0.0,0.0,0.0,0.0,0.0, 01 noviembre 2018,15:10,07:30,15:20,16:50
Ronda Instituto,Málaga,13.8 ,6.3 ,10.1,20 ,9 ,0.0,0.0,0.0,0.0,0.0, 01 noviembre 2018,15:40,04:10,16:10,14:30
Cortes de la Frontera,Málaga,17.0 ,7.5 ,12.3,21 ,7 ,0.0,0.0,0.0,0.0,0.0, 01 noviembre 2018,13:10,05:30,14:30,14:50
Alpandeire,Málaga,14.7 ,6.7 ,10.7,38 ,21 ,0.0,0.0,0.0,0.0,0.0, 01 noviembre 2018,16:00,05:30,13:30,13:40
Gaucín,Málaga,15.6 ,6.6 ,11.1,34 ,14 ,0.0,0.0,0.0,0.0,0.0, 01 noviembre 2018,16:20,07:50,11:20,13:00
Manilva,Málaga,20.5 ,10.1 ,15.3,45 ,28 ,0.0,0.0,0.0,0.0,0.0, 01 noviembre 2018,16:00,06:40,09:10,09:10
Estepona,Málaga,21.0 ,11.1 ,16.1,27 ,15 ,0.0,0.0,0.0,0.0,0.0, 01 noviembre 2018,14:20,06:40,04:00,03:50
Benahavis,Málaga,18.2 ,8.3 ,13.3,30 ,17 ,0.0,0.0,0.0,0.0,0.0, 01 noviembre 2018,14:20,04:30,08:50,08:50
"Marbella, Puerto",Málaga,20.1 ,10.9 ,15.5,21 ,10 ,0.0,0.0,0.0,0.0,0.0, 01 noviembre 2018,16:20,04:30,20:30,00:40
Marbella,Málaga,,,,,,0.0,0.0,0.0,0.0,0.0, 01 noviembre 2018,,,,
Fuengirola,Málaga,,,,48 ,28 ,0.2,0.1,0.1,0.0,0.0, 01 noviembre 2018,,,11:20,11:50
Torremolinos,Málaga,19.9 ,10.8 ,15.3,44 ,18 ,0.2,0.2,0.0,0.0,0.0, 01 noviembre 2018,16:00,01:20,10:30,10:30
Antequera,Málaga,14.8 ,7.1 ,11.0,25 ,9 ,0.0,0.0,0.0,0.0,0.0, 01 noviembre 2018,15:40,09:00,14:10,06:50
Coín,Málaga,18.6 ,8.1 ,13.4,,,0.0,0.0,0.0,0.0,0.0, 01 noviembre 2018,16:20,05:30,,
Málaga Aeropuerto,Málaga,19.5 ,10.6 ,15.1,58 ,40 ,0.0,0.0,0.0,0.0,0.0, 01 noviembre 2018,15:40,04:10,10:50,10:40
"Málaga, Centro Meteorológico",Málaga,19.6 ,10.4 ,15.0,37 ,25 ,2.6,2.6,0.0,0.0,0.0, 01 noviembre 2018,14:40,04:30,10:40,10:00
"Málaga, Puerto",Málaga,20.2 ,11.2 ,15.7,43 ,23 ,0.0,0.0,0.0,0.0,0.0, 01 noviembre 2018,15:40,00:10,10:00,10:10
Rincon de la Victoria,Málaga,25.6 ,11.1 ,18.4,,,0.0,0.0,0.0,0.0,0.0, 01 noviembre 2018,17:00,02:50,,
Vélez-Málaga,Málaga,21.6 ,10.1 ,15.9,,,0.0,0.0,0.0,0.0,0.0, 01 noviembre 2018,13:10,04:20,,
Algarrobo,Málaga,19.6 ,9.3 ,14.5,26 ,19 ,0.0,0.0,0.0,0.0,0.0, 01 noviembre 2018,15:50,08:20,05:40,05:40
Nerja,Málaga,19.0 ,10.5 ,14.8,27 ,17 ,0.0,0.0,0.0,0.0,0.0, 01 noviembre 2018,16:40,01:00,04:10,07:30
Fuente de Piedra,Málaga,15.0 ,7.1 ,11.0,31 ,21 ,0.0,0.0,0.0,0.0,0.0, 01 noviembre 2018,15:50,02:50,13:30,12:50
Melilla,Melilla,17.9 ,14.9 ,16.4,55 ,28 ,1.0,0.8,0.2,0.0,0.0, 01 noviembre 2018,15:00,22:10,02:30,02:30
Águilas,Murcia,20.8 ,11.5 ,16.1,38 ,20 ,0.0,0.0,0.0,0.0,0.0, 01 noviembre 2018,13:20,07:50,13:20,11:30
Mazarrón,Murcia,20.1 ,12.3 ,16.2,49 ,27 ,0.0,0.0,0.0,0.0,0.0, 01 noviembre 2018,14:30,06:20,10:10,10:10
Cartagena,Murcia,19.0 ,10.6 ,14.8,34 ,19 ,0.2,0.2,0.0,0.0,0.0, 01 noviembre 2018,14:20,06:40,13:40,13:40
Fuente Álamo de Murcia,Murcia,18.4 ,11.0 ,14.7,,,0.0,0.0,0.0,0.0,0.0, 01 noviembre 2018,14:00,03:10,,
Torre-Pacheco,Murcia,19.0 ,9.8 ,14.4,35 ,15 ,0.0,0.0,0.0,0.0,0.0, 01 noviembre 2018,14:30,07:40,10:20,14:00
San Javier Aeropuerto,Murcia,20.3 ,10.8 ,15.5,37 ,26 ,0.1,0.1,0.0,0.0,0.0, 01 noviembre 2018,14:40,07:00,10:50,10:40
Moratalla,Murcia,12.1 ,3.0 ,7.6,,,0.0,0.0,0.0,0.0,0.0, 01 noviembre 2018,16:00,04:50,,
Caravaca de La Cruz,Murcia,15.5 ,1.6 ,8.6,33 ,14 ,0.0,0.0,0.0,0.0,0.0, 01 noviembre 2018,12:50,06:40,09:20,09:50
Calasparra,Murcia,16.7 ,4.9 ,10.8,37 ,21 ,0.0,0.0,0.0,0.0,0.0, 01 noviembre 2018,14:10,06:50,13:20,13:20
Bullas,Murcia,15.0 ,4.7 ,9.8,,,0.0,0.0,0.0,0.0,0.0, 01 noviembre 2018,15:10,06:20,,
Jumilla,Murcia,15.1 ,4.0 ,9.6,37 ,21 ,0.0,0.0,0.0,0.0,0.0, 01 noviembre 2018,16:20,05:40,13:10,13:10
Cieza,Murcia,16.3 ,5.0 ,10.6,36 ,20 ,0.0,0.0,0.0,0.0,0.0, 01 noviembre 2018,14:50,07:40,15:00,13:20
Archena,Murcia,18.1 ,9.2 ,13.7,,,0.0,0.0,0.0,0.0,0.0, 01 noviembre 2018,15:10,00:30,,
Mula,Murcia,18.2 ,6.5 ,12.4,40 ,26 ,0.0,0.0,0.0,0.0,0.0, 01 noviembre 2018,14:40,06:40,16:00,14:00
Murcia,Murcia,18.6 ,7.4 ,13.0,40 ,27 ,0.0,0.0,0.0,0.0,0.0, 01 noviembre 2018,14:50,06:20,13:00,10:40
"Caravaca de La Cruz, Los Royos",Murcia,12.0 ,3.8 ,7.9,,,0.0,0.0,0.0,0.0,0.0, 01 noviembre 2018,14:00,07:40,,
"Lorca, Zarcilla de Ramos",Murcia,15.3 ,4.9 ,10.1,40 ,26 ,0.0,0.0,0.0,0.0,0.0, 01 noviembre 2018,14:20,07:20,13:40,13:10
Lorca,Murcia,19.2 ,8.3 ,13.8,26 ,14 ,0.0,0.0,0.0,0.0,0.0, 01 noviembre 2018,15:10,07:50,11:00,16:10
Puerto Lumbreras,Murcia,19.1 ,8.8 ,14.0,,,0.0,0.0,0.0,0.0,0.0, 01 noviembre 2018,15:00,05:30,,
Totana,Murcia,20.2 ,7.6 ,13.9,22 ,10 ,0.0,0.0,0.0,0.0,0.0, 01 noviembre 2018,15:50,07:00,13:50,13:40
Alhama de Murcia,Murcia,18.5 ,8.3 ,13.4,33 ,19 ,0.0,0.0,0.0,0.0,0.0, 01 noviembre 2018,14:10,23:59,11:30,11:30
Molina de Segura,Murcia,17.5 ,7.5 ,12.5,39 ,24 ,0.0,0.0,0.0,0.0,0.0, 01 noviembre 2018,15:50,01:40,14:50,13:10
Abanilla,Murcia,20.1 ,7.2 ,13.7,,,0.0,0.0,0.0,0.0,0.0, 01 noviembre 2018,15:30,02:10,,
Yecla,Murcia,14.7 ,1.8 ,8.2,42 ,23 ,0.0,0.0,0.0,0.0,0.0, 01 noviembre 2018,15:10,02:40,20:30,04:00
"Baztan, Irurita",Navarra,13.1 ,7.8 ,10.5,6 ,4 ,7.5,2.2,4.3,0.9,0.1, 01 noviembre 2018,15:20,03:00,12:00,12:00
Bera,Navarra,14.2 ,8.7 ,11.4,8 ,3 ,11.0,5.4,5.4,0.0,0.2, 01 noviembre 2018,14:50,21:40,15:10,04:00
Areso,Navarra,10.8 ,6.3 ,8.6,20 ,7 ,13.0,9.8,2.0,0.0,1.2, 01 noviembre 2018,15:10,03:20,06:40,11:40
Los Arcos,Navarra,13.3 ,6.5 ,9.9,29 ,14 ,2.4,2.2,0.0,0.0,0.2, 01 noviembre 2018,13:30,02:30,12:30,12:30
Isaba/Izaba,Navarra,9.7 ,1.7 ,5.7,15 ,8 ,1.2,0.0,0.4,0.8,0.0, 01 noviembre 2018,14:30,01:20,13:30,12:50
Oroz-Betelu/Orotz-Betelu,Navarra,9.0 ,4.1 ,6.5,12 ,8 ,2.0,0.2,1.0,0.8,0.0, 01 noviembre 2018,16:40,00:00,14:40,14:50
Roncesvalles,Navarra,6.1 ,1.6 ,3.8,8 ,5 ,5.8,0.4,4.6,0.8,0.0, 01 noviembre 2018,14:30,00:30,20:10,19:30
Navascués/Nabaskoze,Navarra,10.1 ,2.6 ,6.4,,,0.2,0.0,0.2,0.0,0.0, 01 noviembre 2018,15:40,01:40,,
Cáseda,Navarra,11.4 ,5.9 ,8.6,11 ,9 ,0.4,0.0,0.4,0.0,0.0, 01 noviembre 2018,14:50,06:00,02:00,02:10
Olite/Erriberri,Navarra,13.1 ,6.7 ,9.9,18 ,12 ,0.8,0.6,0.0,0.2,0.0, 01 noviembre 2018,14:30,04:00,11:50,11:50
"Esteribar, Eugui",Navarra,9.4 ,5.2 ,7.3,,,5.4,0.8,4.0,0.4,0.2, 01 noviembre 2018,16:00,01:20,,
Monreal/Elo,Navarra,10.3 ,5.5 ,7.9,17 ,12 ,1.4,0.6,0.8,0.0,0.0, 01 noviembre 2018,16:00,04:00,14:50,13:10
Pamplona Aeropuerto,Navarra,11.8 ,6.5 ,9.2,,,2.5,1.7,0.8,0.0,0.0, 01 noviembre 2018,15:30,03:40,,
"Aranguren, Ilundain",Navarra,10.9 ,6.8 ,8.8,23 ,13 ,1.8,0.7,1.1,0.0,0.0, 01 noviembre 2018,15:50,05:00,20:30,20:30
Irurtzun,Navarra,11.9 ,6.8 ,9.3,15 ,7 ,6.2,4.6,1.4,0.0,0.2, 01 noviembre 2018,15:10,06:10,11:30,11:10
Larraga,Navarra,12.8 ,7.1 ,10.0,21 ,15 ,1.2,1.2,0.0,0.0,0.0, 01 noviembre 2018,14:30,04:00,13:30,13:30
"Bardenas Reales, Base Aérea",Navarra,13.5 ,7.6 ,10.5,24 ,17 ,0.0,0.0,0.0,0.0,0.0, 01 noviembre 2018,15:10,06:40,12:00,12:00
Monteagudo,Navarra,13.7 ,6.9 ,10.3,,,0.2,0.2,0.0,0.0,0.0, 01 noviembre 2018,15:00,08:10,,
Tudela,Navarra,14.7 ,7.9 ,11.3,21 ,10 ,1.0,1.0,0.0,0.0,0.0, 01 noviembre 2018,15:20,02:00,13:00,15:10
Luzaide/Valcarlos,Navarra,13.3 ,6.3 ,9.8,17 ,10 ,0.6,0.0,0.6,0.0,0.0, 01 noviembre 2018,15:20,01:40,08:30,08:20
O Barco de Valdeorras,Ourense,14.0 ,6.2 ,10.1,,,4.4,0.0,0.0,0.0,4.4, 01 noviembre 2018,14:20,02:10,,
A Pobra de Trives,Ourense,11.7 ,4.1 ,7.9,38 ,17 ,1.8,0.0,0.0,0.2,1.6, 01 noviembre 2018,14:20,00:50,23:10,23:30
Chandrexa de Queixa,Ourense,10.7 ,4.3 ,7.5,39 ,18 ,1.0,0.0,0.0,0.2,0.8, 01 noviembre 2018,14:10,00:00,20:50,20:50
Ourense,Ourense,14.7 ,7.7 ,11.2,19 ,8 ,0.0,0.0,0.0,0.0,0.0, 01 noviembre 2018,14:20,07:50,16:10,16:10
Beariz,Ourense,11.3 ,3.0 ,7.2,,,4.8,0.0,0.0,0.2,4.6, 01 noviembre 2018,23:59,07:10,,
"Carballiño, O",Ourense,12.5 ,5.5 ,9.0,12 ,1 ,0.5,0.0,0.0,0.0,0.5, 01 noviembre 2018,15:00,08:10,16:50,15:40
Ribadavia,Ourense,15.0 ,7.2 ,11.1,,,0.0,0.0,0.0,0.0,0.0, 01 noviembre 2018,14:40,08:20,,
Allariz,Ourense,13.6 ,5.5 ,9.6,,,0.2,0.0,0.0,0.0,0.2, 01 noviembre 2018,13:50,00:00,,
Xinzo de Limia,Ourense,11.9 ,4.5 ,8.2,35 ,14 ,0.2,0.0,0.0,0.0,0.2, 01 noviembre 2018,14:10,08:50,21:30,23:30
Muiños,Ourense,,,,,,,,,,, 01 noviembre 2018,,,,
A Gudiña,Ourense,11.2 ,3.2 ,7.2,,,3.2,0.0,0.0,0.0,3.2, 01 noviembre 2018,13:50,00:40,,
Verín,Ourense,15.0 ,2.8 ,8.9,,,0.8,0.0,0.0,0.0,0.8, 01 noviembre 2018,14:40,02:00,,
Cervera de Pisuerga,Palencia,11.2 ,-0.5 ,5.3,34 ,15 ,3.2,0.8,0.8,0.8,0.8, 01 noviembre 2018,12:20,05:30,14:00,14:00
Aguilar de Campoo,Palencia,10.6 ,-1.7 ,4.5,32 ,17 ,1.2,0.0,0.0,0.0,1.2, 01 noviembre 2018,16:10,06:00,19:30,19:30
Villaeles de Valdavia,Palencia,10.3 ,-0.4 ,5.0,33 ,23 ,0.2,0.0,0.0,0.0,0.2, 01 noviembre 2018,14:30,03:00,16:20,16:30
"Velilla del Río Carrión, Camporredondo de Alba",Palencia,7.4 ,-1.0 ,3.2,35 ,25 ,4.0,0.0,0.2,0.0,3.8, 01 noviembre 2018,12:10,00:50,17:30,17:30
Carrión de los Condes,Palencia,11.6 ,-1.1 ,5.3,28 ,10 ,0.2,0.0,0.0,0.0,0.2, 01 noviembre 2018,12:50,04:40,14:50,13:40
Autilla del Pino,Palencia,10.2 ,0.2 ,5.2,41 ,27 ,0.0,0.0,0.0,0.0,0.0, 01 noviembre 2018,14:00,08:20,23:30,23:30
Palencia,Palencia,12.5 ,0.5 ,6.5,33 ,21 ,0.0,0.0,0.0,0.0,0.0, 01 noviembre 2018,14:10,08:00,23:40,23:40
"Santervás de la Vega, Villapún",Palencia,9.9 ,-0.1 ,4.9,32 ,20 ,0.4,0.0,0.0,0.0,0.4, 01 noviembre 2018,13:20,07:10,15:20,16:00
Silleda,Pontevedra,12.9 ,6.1 ,9.5,24 ,8 ,2.0,0.4,0.0,0.0,1.6, 01 noviembre 2018,23:40,06:40,17:50,23:40
A Estrada,Pontevedra,14.1 ,6.6 ,10.4,,,7.6,0.2,0.0,0.6,6.8, 01 noviembre 2018,23:59,07:30,,
VilagarcÍa de Arousa,Pontevedra,15.0 ,7.7 ,11.3,34 ,17 ,8.8,0.0,0.0,2.8,6.0, 01 noviembre 2018,22:50,06:00,18:30,21:00
Pontevedra,Pontevedra,14.5 ,7.8 ,11.2,33 ,18 ,15.8,0.0,0.0,2.0,13.8, 01 noviembre 2018,23:40,06:50,23:50,23:50
A Lama,Pontevedra,12.3 ,4.7 ,8.5,18 ,8 ,13.8,0.0,0.0,0.8,13.0, 01 noviembre 2018,13:30,06:40,20:20,13:20
Vigo Aeropuerto,Pontevedra,13.8 ,7.5 ,10.7,28 ,17 ,16.9,0.0,0.0,3.4,13.5, 01 noviembre 2018,23:40,06:20,23:20,18:00
Vigo,Pontevedra,14.7 ,8.8 ,11.8,22 ,8 ,5.6,0.0,0.0,1.8,3.8, 01 noviembre 2018,15:00,06:50,22:30,22:20
A Cañiza,Pontevedra,11.8 ,5.1 ,8.5,,,6.8,0.0,0.0,0.0,6.8, 01 noviembre 2018,23:59,07:00,,
"Ponteareas, Canedo",Pontevedra,15.0 ,7.3 ,11.2,,,9.0,0.0,0.0,1.0,8.0, 01 noviembre 2018,14:20,06:40,,
O Rosal,Pontevedra,14.9 ,7.8 ,11.3,,,8.2,0.2,0.0,1.6,6.4, 01 noviembre 2018,23:59,07:00,,
Pedrosillo de Los Aires,Salamanca,11.7 ,-0.1 ,5.8,24 ,15 ,0.0,0.0,0.0,0.0,0.0, 01 noviembre 2018,14:50,06:20,14:50,15:00
Pedraza de Alba,Salamanca,11.8 ,0.8 ,6.3,23 ,11 ,0.0,0.0,0.0,0.0,0.0, 01 noviembre 2018,14:50,07:50,14:20,14:30
Salamanca Aeropuerto,Salamanca,13.1 ,-0.7 ,6.2,30 ,20 ,0.0,0.0,0.0,0.0,0.0, 01 noviembre 2018,14:10,07:30,15:30,14:40
Salamanca,Salamanca,14.2 ,1.9 ,8.0,28 ,13 ,0.0,0.0,0.0,0.0,0.0, 01 noviembre 2018,16:00,08:00,16:40,16:50
Barbadillo,Salamanca,12.6 ,0.3 ,6.5,27 ,17 ,0.0,0.0,0.0,0.0,0.0, 01 noviembre 2018,16:00,08:30,16:10,16:20
Ledesma,Salamanca,12.5 ,-0.5 ,6.0,26 ,16 ,0.0,0.0,0.0,0.0,0.0, 01 noviembre 2018,15:00,04:00,16:10,16:20
Villarino de los Aires,Salamanca,13.5 ,3.5 ,8.5,30 ,19 ,0.0,0.0,0.0,0.0,0.0, 01 noviembre 2018,15:30,07:50,16:30,16:20
Boadilla Fuente San Esteban,Salamanca,12.8 ,2.3 ,7.6,27 ,15 ,0.0,0.0,0.0,0.0,0.0, 01 noviembre 2018,16:30,06:10,16:00,16:00
Vitigudino,Salamanca,14.4 ,0.7 ,7.5,30 ,19 ,0.0,0.0,0.0,0.0,0.0, 01 noviembre 2018,15:50,07:40,16:40,16:40
El Maíllo,Salamanca,11.3 ,0.6 ,6.0,26 ,16 ,0.0,0.0,0.0,0.0,0.0, 01 noviembre 2018,16:20,07:20,15:30,14:20
Bañobárez,Salamanca,13.3 ,1.2 ,7.3,30 ,17 ,0.0,0.0,0.0,0.0,0.0, 01 noviembre 2018,15:30,01:40,15:10,15:10
Navasfrías,Salamanca,,,,,,,,,,, 01 noviembre 2018,,,,
El Bodón Base Aérea,Salamanca,13.0 ,-0.2 ,6.4,29 ,16 ,0.0,0.0,0.0,0.0,0.0, 01 noviembre 2018,16:10,06:00,15:10,15:30
Saelices El Chico,Salamanca,14.7 ,0.5 ,7.6,29 ,16 ,0.0,0.0,0.0,0.0,0.0, 01 noviembre 2018,15:40,07:00,16:10,17:20
Fresno de Cantespino,Segovia,10.0 ,3.6 ,6.8,29 ,20 ,0.0,0.0,0.0,0.0,0.0, 01 noviembre 2018,15:50,05:20,10:50,11:50
Aldeanueva de Serrezuela,Segovia,8.3 ,3.2 ,5.8,34 ,23 ,0.0,0.0,0.0,0.0,0.0, 01 noviembre 2018,15:10,05:30,23:30,23:30
"La Pinilla, estación de esquí",Segovia,2.7 ,-0.2 ,1.3,49 ,21 ,1.6,1.6,0.0,0.0,0.0, 01 noviembre 2018,14:50,03:40,23:00,00:50
Pedraza,Segovia,10.2 ,3.6 ,6.9,24 ,15 ,0.2,0.0,0.0,0.2,0.0, 01 noviembre 2018,15:40,08:10,23:50,11:10
Cuéllar,Segovia,12.7 ,4.2 ,8.4,18 ,10 ,0.0,0.0,0.0,0.0,0.0, 01 noviembre 2018,13:30,08:40,11:00,14:10
Segovia,Segovia,11.3 ,4.1 ,7.7,19 ,12 ,1.8,1.8,0.0,0.0,0.0, 01 noviembre 2018,14:50,09:00,15:50,06:10
San Rafael,Segovia,9.6 ,2.5 ,6.1,,,0.2,0.2,0.0,0.0,0.0, 01 noviembre 2018,15:50,09:10,,
Miguelañez,Segovia,11.5 ,3.5 ,7.5,22 ,14 ,0.0,0.0,0.0,0.0,0.0, 01 noviembre 2018,15:30,08:20,14:50,05:00
La Roda de Andalucía,Sevilla,14.9 ,6.4 ,10.6,25 ,16 ,0.0,0.0,0.0,0.0,0.0, 01 noviembre 2018,16:00,03:00,13:10,13:10
Lora de Estepa,Sevilla,14.8 ,7.4 ,11.1,,,0.0,0.0,0.0,0.0,0.0, 01 noviembre 2018,17:00,07:40,,
Écija,Sevilla,18.2 ,6.5 ,12.4,22 ,15 ,0.0,0.0,0.0,0.0,0.0, 01 noviembre 2018,16:50,07:40,21:10,21:10
La Puebla de los Infantes,Sevilla,18.3 ,4.1 ,11.2,24 ,13 ,0.0,0.0,0.0,0.0,0.0, 01 noviembre 2018,15:20,05:50,16:00,16:00
Fuentes de Andalucía,Sevilla,17.0 ,7.6 ,12.3,17 ,12 ,0.2,0.0,0.2,0.0,0.0, 01 noviembre 2018,16:50,08:10,15:40,22:50
Carmona,Sevilla,18.8 ,6.9 ,12.8,19 ,12 ,0.2,0.0,0.2,0.0,0.0, 01 noviembre 2018,16:30,06:50,14:30,17:00
Cazalla de la Sierra,Sevilla,16.6 ,4.2 ,10.4,30 ,14 ,0.1,0.0,0.1,0.0,0.0, 01 noviembre 2018,15:40,05:40,14:30,16:10
Guadalcanal,Sevilla,14.0 ,5.2 ,9.6,24 ,14 ,0.0,0.0,0.0,0.0,0.0, 01 noviembre 2018,15:30,04:30,07:00,07:10
Almadén de la Plata,Sevilla,17.5 ,5.6 ,11.5,23 ,11 ,0.2,0.0,0.2,0.0,0.0, 01 noviembre 2018,15:40,06:30,16:20,16:20
Sevilla Aeropuerto,Sevilla,19.7 ,6.4 ,13.1,18 ,14 ,0.0,0.0,0.0,0.0,0.0, 01 noviembre 2018,16:30,08:00,16:50,17:20
"Sevilla, Tablada",Sevilla,19.8 ,6.5 ,13.1,15 ,8 ,0.0,0.0,0.0,0.0,0.0, 01 noviembre 2018,14:50,07:30,17:10,17:30
Morón de la Frontera,Sevilla,18.1 ,5.7 ,11.9,16 ,9 ,0.1,0.0,0.1,0.0,0.0, 01 noviembre 2018,17:20,08:00,13:30,13:30
Carrión de los Céspedes,Sevilla,19.4 ,6.3 ,12.8,22 ,13 ,0.0,0.0,0.0,0.0,0.0, 01 noviembre 2018,15:50,08:10,17:30,17:30
Las Cabezas de San Juan,Sevilla,17.1 ,5.9 ,11.5,17 ,8 ,0.2,0.2,0.0,0.0,0.0, 01 noviembre 2018,16:10,06:20,15:30,14:40
Osuna,Sevilla,16.2 ,8.1 ,12.2,18 ,9 ,0.0,0.0,0.0,0.0,0.0, 01 noviembre 2018,16:50,08:20,16:40,17:00
"Vinuesa, Quintanarejo",Soria,8.0 ,0.2 ,4.1,,,0.2,0.0,0.0,0.0,0.2, 01 noviembre 2018,12:00,08:40,,
"La Póveda de Soria, Barriomartín",Soria,7.9 ,1.6 ,4.8,35 ,24 ,0.2,0.2,0.0,0.0,0.0, 01 noviembre 2018,12:30,00:50,00:50,00:50
Soria,Soria,10.4 ,2.5 ,6.4,23 ,13 ,0.0,0.0,0.0,0.0,0.0, 01 noviembre 2018,11:30,01:50,16:30,15:50
Lubia,Soria,9.9 ,-0.1 ,4.9,30 ,18 ,0.0,0.0,0.0,0.0,0.0, 01 noviembre 2018,12:10,04:50,15:30,15:10
Morón de Almazán,Soria,9.9 ,0.3 ,5.1,28 ,18 ,0.0,0.0,0.0,0.0,0.0, 01 noviembre 2018,14:10,07:30,14:20,13:20
La Riba de Escalote,Soria,9.2 ,2.8 ,6.0,34 ,23 ,0.0,0.0,0.0,0.0,0.0, 01 noviembre 2018,15:10,07:40,00:10,12:20
Ucero,Soria,8.4 ,1.1 ,4.7,,,0.0,0.0,0.0,0.0,0.0, 01 noviembre 2018,15:00,06:30,,
Burgo de Osma,Soria,10.1 ,4.0 ,7.1,31 ,21 ,0.0,0.0,0.0,0.0,0.0, 01 noviembre 2018,13:20,06:10,13:30,13:50
Liceras,Soria,9.0 ,3.3 ,6.1,46 ,29 ,0.2,0.2,0.0,0.0,0.0, 01 noviembre 2018,14:30,05:10,23:59,23:40
Ólvega,Soria,10.4 ,2.9 ,6.6,26 ,15 ,0.0,0.0,0.0,0.0,0.0, 01 noviembre 2018,11:00,06:10,23:00,11:30
San Pedro Manrique,Soria,,,,,,,2.8,,,, 01 noviembre 2018,,,,
Arcos de Jalón,Soria,12.4 ,2.6 ,7.5,27 ,19 ,0.2,0.2,0.0,0.0,0.0, 01 noviembre 2018,14:30,08:00,14:00,13:50
Almazul,Soria,10.3 ,2.4 ,6.4,27 ,18 ,0.0,0.0,0.0,0.0,0.0, 01 noviembre 2018,14:50,07:40,17:00,17:00
Puntagorda,Santa Cruz de Tenerife,20.0 ,12.4 ,16.2,31 ,14 ,0.0,0.0,0.0,0.0,0.0, 01 noviembre 2018,16:10,06:10,16:30,09:00
Tijarafe,Santa Cruz de Tenerife,20.1 ,13.0 ,16.6,20 ,9 ,0.0,0.0,0.0,0.0,0.0, 01 noviembre 2018,14:20,05:40,13:50,19:30
El Paso,Santa Cruz de Tenerife,19.3 ,8.9 ,14.1,54 ,27 ,0.2,0.0,0.0,0.0,0.2, 01 noviembre 2018,14:00,06:00,21:30,23:30
Fuencaliente,Santa Cruz de Tenerife,25.7 ,18.9 ,22.3,50 ,32 ,0.0,0.0,0.0,0.0,0.0, 01 noviembre 2018,13:10,06:30,19:40,19:40
La Palma Aeropuerto,Santa Cruz de Tenerife,23.5 ,17.8 ,20.6,52 ,44 ,0.0,0.0,0.0,0.0,0.0, 01 noviembre 2018,09:30,05:50,12:10,12:20
San Andrés y Sauces,Santa Cruz de Tenerife,21.8 ,16.3 ,19.0,33 ,22 ,1.0,0.0,0.0,1.0,0.0, 01 noviembre 2018,11:10,02:10,12:20,11:40
"Vallehermoso, Alto Igualero",Santa Cruz de Tenerife,11.7 ,8.1 ,9.9,65 ,45 ,2.2,0.2,0.2,1.0,0.8, 01 noviembre 2018,12:40,00:40,17:00,16:40
Arure,Santa Cruz de Tenerife,14.9 ,12.2 ,13.5,55 ,31 ,2.8,0.0,0.0,1.8,1.0, 01 noviembre 2018,12:30,01:00,16:20,16:00
Agulo,Santa Cruz de Tenerife,17.2 ,13.5 ,15.4,34 ,15 ,0.4,0.0,0.0,0.4,0.0, 01 noviembre 2018,11:10,00:50,19:10,19:10
"Vallehermoso, Dama",Santa Cruz de Tenerife,25.8 ,15.7 ,20.7,18 ,12 ,0.0,0.0,0.0,0.0,0.0, 01 noviembre 2018,15:10,07:00,14:10,12:40
Hermigua,Santa Cruz de Tenerife,21.1 ,17.2 ,19.2,32 ,15 ,,,,,, 01 noviembre 2018,11:10,08:00,12:20,12:20
San Sebastián de la Gomera,Santa Cruz de Tenerife,24.5 ,20.5 ,22.5,48 ,19 ,,,,,, 01 noviembre 2018,14:20,07:40,13:20,13:50
"La Orotava, Cañadas Teide",Santa Cruz de Tenerife,17.7 ,4.2 ,11.0,59 ,39 ,0.0,0.0,0.0,0.0,0.0, 01 noviembre 2018,12:10,07:50,03:10,03:00
Adeje,Santa Cruz de Tenerife,26.7 ,18.0 ,22.4,26 ,13 ,0.0,0.0,0.0,0.0,0.0, 01 noviembre 2018,15:40,07:40,14:50,16:20
Arico,Santa Cruz de Tenerife,24.4 ,15.3 ,19.8,40 ,25 ,0.0,0.0,0.0,0.0,0.0, 01 noviembre 2018,12:40,06:40,19:50,18:20
Tenerife Sur Aeropuerto,Santa Cruz de Tenerife,25.7 ,17.8 ,21.8,52 ,37 ,0.0,0.0,0.0,0.0,0.0, 01 noviembre 2018,14:00,04:00,19:20,19:20
Izaña,Santa Cruz de Tenerife,10.7 ,3.9 ,7.3,48 ,34 ,0.0,0.0,0.0,0.0,0.0, 01 noviembre 2018,13:50,03:50,22:30,02:40
Candelaria,Santa Cruz de Tenerife,23.6 ,13.9 ,18.8,34 ,23 ,,,0.0,0.0,0.0, 01 noviembre 2018,14:20,07:10,18:00,17:50
Güímar,Santa Cruz de Tenerife,26.7 ,15.9 ,21.3,45 ,38 ,0.0,0.0,0.0,0.0,0.0, 01 noviembre 2018,15:40,06:50,17:50,18:10
"San Cristóbal de La Laguna,Llano de los Loros",Santa Cruz de Tenerife,14.9 ,12.3 ,13.6,43 ,24 ,6.0,0.4,1.8,3.8,0.0, 01 noviembre 2018,14:20,00:00,06:30,06:30
Tenerife Norte Aeropuerto,Santa Cruz de Tenerife,19.1 ,14.1 ,16.6,45 ,32 ,2.1,0.0,0.4,1.7,0.0, 01 noviembre 2018,13:00,05:30,12:30,12:00
Sta.Cruz de Tenerife,Santa Cruz de Tenerife,26.0 ,20.1 ,23.1,40 ,21 ,0.0,0.0,0.0,0.0,0.0, 01 noviembre 2018,12:50,05:00,13:50,10:40
Anaga,Santa Cruz de Tenerife,,,,,,,0.0,0.0,0.4,, 01 noviembre 2018,,,,
La Victoria de Acentejo,Santa Cruz de Tenerife,20.2 ,13.3 ,16.8,18 ,15 ,1.2,0.0,0.8,0.2,0.2, 01 noviembre 2018,12:50,04:50,05:10,05:00
Tacoronte,Santa Cruz de Tenerife,22.3 ,17.0 ,19.6,26 ,17 ,1.4,0.0,0.0,1.0,0.4, 01 noviembre 2018,15:20,07:30,18:30,19:00
Puerto de la Cruz,Santa Cruz de Tenerife,24.9 ,18.3 ,21.6,28 ,23 ,0.0,0.0,0.0,0.0,0.0, 01 noviembre 2018,17:00,07:00,17:30,17:30
Los Silos,Santa Cruz de Tenerife,23.1 ,16.4 ,19.8,41 ,31 ,0.6,0.0,0.6,0.0,0.0, 01 noviembre 2018,13:20,07:20,20:10,20:20
"El Pinar, Depósito",Santa Cruz de Tenerife,19.3 ,11.6 ,15.4,36 ,13 ,0.0,0.0,0.0,0.0,0.0, 01 noviembre 2018,12:50,07:20,20:50,15:00
Valverde,Santa Cruz de Tenerife,15.9 ,10.7 ,13.3,32 ,19 ,1.2,0.0,0.0,0.4,0.8, 01 noviembre 2018,12:00,02:50,18:40,22:00
Hierro Aeropuerto,Santa Cruz de Tenerife,24.1 ,21.3 ,22.7,45 ,35 ,0.0,0.0,0.0,0.0,0.0, 01 noviembre 2018,14:20,00:20,21:20,18:10
"Frontera, Sabinosa",Santa Cruz de Tenerife,,,,,,,,,,, 01 noviembre 2018,,,,
Vandellòs,Tarragona,15.5 ,9.8 ,12.7,55 ,26 ,0.0,0.0,0.0,0.0,0.0, 01 noviembre 2018,15:20,07:50,11:40,10:00
Reus Aeropuerto,Tarragona,18.0 ,5.3 ,11.7,30 ,20 ,0.0,0.0,0.0,0.0,0.0, 01 noviembre 2018,15:00,07:30,15:10,00:40
Valls,Tarragona,14.6 ,7.6 ,11.1,,,0.0,0.0,0.0,0.0,0.0, 01 noviembre 2018,14:20,06:00,,
Tarragona,Tarragona,17.8 ,7.9 ,12.8,,,0.0,0.0,0.0,0.0,0.0, 01 noviembre 2018,13:40,07:40,,
Llorac,Tarragona,11.4 ,1.1 ,6.2,30 ,22 ,3.2,3.2,0.0,0.0,0.0, 01 noviembre 2018,16:10,23:30,11:10,11:10
Horta de Sant Joan,Tarragona,12.3 ,5.4 ,8.9,,,0.2,0.0,0.2,0.0,0.0, 01 noviembre 2018,15:50,00:00,,
La Pobla de Massaluca,Tarragona,12.7 ,6.0 ,9.3,30 ,22 ,0.0,0.0,0.0,0.0,0.0, 01 noviembre 2018,16:50,00:20,15:00,14:20
Cabacés,Tarragona,14.0 ,6.7 ,10.3,21 ,9 ,0.0,0.0,0.0,0.0,0.0, 01 noviembre 2018,14:30,04:00,14:40,14:40
Rasquera,Tarragona,15.5 ,6.1 ,10.8,39 ,18 ,0.0,0.0,0.0,0.0,0.0, 01 noviembre 2018,15:30,06:40,15:40,13:10
Tortosa,Tarragona,18.5 ,8.7 ,13.6,34 ,16 ,0.0,0.0,0.0,0.0,0.0, 01 noviembre 2018,14:10,05:20,14:50,14:50
Sant Jaume d'Enveja,Tarragona,,,,,,,,,,, 01 noviembre 2018,,,,
Teruel,Teruel,10.7 ,2.3 ,6.5,30 ,14 ,0.0,0.0,0.0,0.0,0.0, 01 noviembre 2018,15:40,02:10,11:40,12:40
Jabaloyas,Teruel,6.4 ,0.8 ,3.6,35 ,26 ,0.0,0.0,0.0,0.0,0.0, 01 noviembre 2018,16:20,02:30,04:00,12:00
Cedrillas,Teruel,5.8 ,0.8 ,3.3,33 ,22 ,3.6,2.0,1.6,0.0,0.0, 01 noviembre 2018,16:20,01:20,12:10,12:30
Mosqueruela,Teruel,5.1 ,0.6 ,2.8,52 ,40 ,0.0,0.0,0.0,0.0,0.0, 01 noviembre 2018,13:50,05:50,12:50,12:40
Santa Eulalia del Campo,Teruel,11.6 ,2.8 ,7.2,30 ,16 ,0.4,0.4,0.0,0.0,0.0, 01 noviembre 2018,15:50,00:00,13:10,11:00
Calamocha,Teruel,11.6 ,4.2 ,7.9,19 ,8 ,0.0,0.0,0.0,0.0,0.0, 01 noviembre 2018,15:40,00:00,14:30,14:30
Fonfría,Teruel,7.8 ,1.5 ,4.7,35 ,23 ,0.0,0.0,0.0,0.0,0.0, 01 noviembre 2018,16:00,00:00,23:40,23:40
Muniesa,Teruel,10.5 ,4.8 ,7.7,25 ,17 ,0.0,0.0,0.0,0.0,0.0, 01 noviembre 2018,16:00,00:10,12:10,10:50
Montalbán,Teruel,10.0 ,3.7 ,6.9,27 ,16 ,0.0,0.0,0.0,0.0,0.0, 01 noviembre 2018,16:50,05:20,12:10,12:10
Hijar,Teruel,16.4 ,6.4 ,11.4,23 ,12 ,0.0,0.0,0.0,0.0,0.0, 01 noviembre 2018,13:50,04:40,12:10,23:00
Andorra,Teruel,11.0 ,4.2 ,7.6,36 ,26 ,0.2,0.2,0.0,0.0,0.0, 01 noviembre 2018,16:50,03:30,12:00,12:00
Castellote,Teruel,11.8 ,5.6 ,8.7,35 ,18 ,0.0,0.0,0.0,0.0,0.0, 01 noviembre 2018,16:50,05:10,12:10,12:10
Calanda,Teruel,13.5 ,5.1 ,9.3,27 ,17 ,0.0,0.0,0.0,0.0,0.0, 01 noviembre 2018,16:40,05:30,11:40,16:20
Alcañiz,Teruel,14.0 ,4.8 ,9.4,28 ,15 ,0.3,0.0,0.3,0.0,0.0, 01 noviembre 2018,16:20,03:40,12:30,16:10
Valderrobres,Teruel,11.5 ,3.8 ,7.6,27 ,13 ,0.0,0.0,0.0,0.0,0.0, 01 noviembre 2018,14:50,23:59,13:10,12:50
Bello,Teruel,10.0 ,3.6 ,6.8,20 ,11 ,0.2,0.2,0.0,0.0,0.0, 01 noviembre 2018,13:50,03:50,16:30,12:00
Tembleque,Toledo,15.0 ,2.7 ,8.9,,,,,,,, 01 noviembre 2018,16:10,07:00,,
Mora,Toledo,15.1 ,3.7 ,9.4,19 ,14 ,0.0,0.0,0.0,0.0,0.0, 01 noviembre 2018,16:00,08:10,12:10,12:10
Toledo,Toledo,17.0 ,4.7 ,10.8,27 ,17 ,0.0,0.0,0.0,0.0,0.0, 01 noviembre 2018,15:50,07:40,17:40,17:20
San Pablo de los Montes,Toledo,13.3 ,3.2 ,8.3,30 ,15 ,0.1,0.1,0.0,0.0,0.0, 01 noviembre 2018,14:50,07:00,16:30,15:50
Navahermosa,Toledo,15.7 ,3.4 ,9.5,,,0.2,0.0,0.0,0.2,0.0, 01 noviembre 2018,14:20,06:30,,
Castillo de Bayuela,Toledo,15.6 ,3.4 ,9.5,,,0.0,0.0,0.0,0.0,0.0, 01 noviembre 2018,14:30,07:50,,
Talavera de la Reina,Toledo,16.2 ,2.4 ,9.3,,,,,,,, 01 noviembre 2018,16:30,07:40,,
Oropesa,Toledo,,,,,,,,,,, 01 noviembre 2018,,,,
Quintanar de la Orden,Toledo,,,,17 ,8 ,0.0,0.0,0.0,0.0,0.0, 01 noviembre 2018,,,17:00,16:50
Madridejos,Toledo,14.8 ,2.2 ,8.5,33 ,12 ,,,,,, 01 noviembre 2018,16:30,06:40,12:00,10:50
Fontanars dels Alforins,València/Valencia,14.4 ,0.1 ,7.2,,,0.0,0.0,0.0,0.0,0.0, 01 noviembre 2018,16:40,04:40,,
Oliva,València/Valencia,17.6 ,7.0 ,12.3,25 ,12 ,0.0,0.0,0.0,0.0,0.0, 01 noviembre 2018,14:10,03:00,13:40,13:20
Miramar,València/Valencia,17.4 ,9.0 ,13.2,,,0.0,0.0,0.0,0.0,0.0, 01 noviembre 2018,14:00,05:50,,
Jalance,València/Valencia,16.2 ,1.6 ,8.9,21 ,11 ,0.2,0.0,0.0,0.2,0.0, 01 noviembre 2018,16:00,08:00,15:40,16:20
Zarra,València/Valencia,12.3 ,3.7 ,8.0,,30 ,0.0,0.0,0.0,0.0,0.0, 01 noviembre 2018,15:10,08:10,,05:00
Bicorp,València/Valencia,17.3 ,4.7 ,11.0,24 ,13 ,0.2,0.0,0.2,0.0,0.0, 01 noviembre 2018,16:50,07:20,00:40,00:30
Ontinyent,València/Valencia,16.1 ,3.6 ,9.9,18 ,8 ,0.0,0.0,0.0,0.0,0.0, 01 noviembre 2018,14:30,06:20,11:50,11:40
Xàtiva,València/Valencia,19.6 ,5.0 ,12.3,22 ,12 ,0.0,0.0,0.0,0.0,0.0, 01 noviembre 2018,15:20,06:20,12:40,22:30
Carcaixent,València/Valencia,20.0 ,5.5 ,12.8,17 ,10 ,0.0,0.0,0.0,0.0,0.0, 01 noviembre 2018,16:20,03:20,14:20,10:00
Utiel,València/Valencia,14.1 ,1.0 ,7.6,36 ,23 ,0.0,0.0,0.0,0.0,0.0, 01 noviembre 2018,16:50,08:50,14:30,17:10
Buñol,València/Valencia,15.2 ,4.1 ,9.6,30 ,14 ,0.0,0.0,0.0,0.0,0.0, 01 noviembre 2018,14:40,05:40,01:30,00:10
Polinyà de Xúquer,València/Valencia,17.3 ,6.9 ,12.1,22 ,13 ,0.0,0.0,0.0,0.0,0.0, 01 noviembre 2018,16:20,03:20,07:00,09:10
Turís,València/Valencia,19.2 ,6.5 ,12.9,,,0.0,0.0,0.0,0.0,0.0, 01 noviembre 2018,16:00,02:30,,
Ademuz,València/Valencia,12.5 ,2.6 ,7.5,,,0.0,0.0,0.0,0.0,0.0, 01 noviembre 2018,15:50,05:40,,
Chelva,València/Valencia,15.9 ,5.0 ,10.4,32 ,22 ,0.2,0.2,0.0,0.0,0.0, 01 noviembre 2018,14:50,07:50,15:50,16:20
Lliria,València/Valencia,19.1 ,3.9 ,11.5,26 ,15 ,0.0,0.0,0.0,0.0,0.0, 01 noviembre 2018,15:20,07:10,17:10,17:10
Valencia Aeropuerto,València/Valencia,19.0 ,5.8 ,12.4,32 ,25 ,0.0,0.0,0.0,0.0,0.0, 01 noviembre 2018,14:50,08:00,00:50,00:50
"València, Viveros",València/Valencia,19.1 ,7.8 ,13.5,23 ,13 ,0.0,0.0,0.0,0.0,0.0, 01 noviembre 2018,13:30,08:00,00:20,00:10
Sagunto,València/Valencia,18.7 ,5.5 ,12.1,,,0.0,0.0,0.0,0.0,0.0, 01 noviembre 2018,14:10,07:00,,
Peñafiel,Valladolid,11.7 ,4.1 ,7.9,,,0.0,0.0,0.0,0.0,0.0, 01 noviembre 2018,15:20,07:20,,
Sardón de Duero,Valladolid,12.9 ,3.3 ,8.1,22 ,14 ,0.2,0.0,0.0,0.2,0.0, 01 noviembre 2018,15:10,08:50,13:10,23:50
Valladolid,Valladolid,12.5 ,2.9 ,7.7,23 ,10 ,0.0,0.0,0.0,0.0,0.0, 01 noviembre 2018,14:40,07:30,21:30,21:30
"Olmedo, Depósito de Agua",Valladolid,12.3 ,1.9 ,7.1,33 ,18 ,0.0,0.0,0.0,0.0,0.0, 01 noviembre 2018,14:50,07:50,23:40,23:59
Rueda,Valladolid,12.6 ,2.0 ,7.3,,,0.0,0.0,0.0,0.0,0.0, 01 noviembre 2018,14:30,07:40,,
Fuente el Sol,Valladolid,15.3 ,2.2 ,8.8,33 ,22 ,0.2,0.0,0.2,0.0,0.0, 01 noviembre 2018,14:10,07:40,23:40,23:40
Villalón de Campos,Valladolid,10.8 ,1.1 ,6.0,28 ,21 ,0.4,0.0,0.0,0.0,0.4, 01 noviembre 2018,15:30,07:10,16:10,15:50
Medina de Rioseco,Valladolid,11.5 ,-0.6 ,5.4,28 ,19 ,0.0,0.0,0.0,0.0,0.0, 01 noviembre 2018,14:00,05:30,23:00,23:30
Morales del Toro,Zamora,12.8 ,1.1 ,7.0,30 ,23 ,0.0,0.0,0.0,0.0,0.0, 01 noviembre 2018,13:40,06:40,22:50,22:50
Fuentesauco,Zamora,12.3 ,1.7 ,7.0,33 ,22 ,0.0,0.0,0.0,0.0,0.0, 01 noviembre 2018,16:10,07:50,23:10,23:10
Villafáfila,Zamora,12.6 ,0.5 ,6.6,37 ,24 ,0.0,0.0,0.0,0.0,0.0, 01 noviembre 2018,15:30,07:30,23:30,23:50
Zamora,Zamora,14.4 ,3.4 ,8.9,22 ,10 ,0.0,0.0,0.0,0.0,0.0, 01 noviembre 2018,15:40,08:00,20:50,22:40
Benavente,Zamora,12.8 ,1.5 ,7.2,27 ,15 ,0.0,0.0,0.0,0.0,0.0, 01 noviembre 2018,16:30,08:10,23:59,23:59
"Sanabria, Robleda-Cervantes",Zamora,11.5 ,-3.1 ,4.2,24 ,9 ,0.4,0.0,0.0,0.0,0.4, 01 noviembre 2018,14:40,03:20,16:40,16:40
Villardeciervos,Zamora,12.4 ,-1.3 ,5.5,54 ,33 ,0.0,0.0,0.0,0.0,0.0, 01 noviembre 2018,14:00,08:00,23:40,23:40
Santibañez de Vidriales,Zamora,13.8 ,-0.5 ,6.7,29 ,16 ,0.0,0.0,0.0,0.0,0.0, 01 noviembre 2018,14:50,08:10,22:20,22:20
Pozuelo de Tabara,Zamora,13.5 ,1.4 ,7.4,42 ,23 ,0.0,0.0,0.0,0.0,0.0, 01 noviembre 2018,15:30,03:20,22:50,23:00
Villadepera,Zamora,12.1 ,2.3 ,7.2,40 ,30 ,0.0,0.0,0.0,0.0,0.0, 01 noviembre 2018,16:00,07:50,14:40,23:59
Peñausende,Zamora,,,,,10 ,0.0,0.0,0.0,0.0,0.0, 01 noviembre 2018,,,,23:40
Fresno de Sayago,Zamora,12.5 ,0.4 ,6.5,33 ,23 ,0.0,0.0,0.0,0.0,0.0, 01 noviembre 2018,14:30,06:50,16:00,16:10
Alcañices,Zamora,12.3 ,0.7 ,6.5,28 ,20 ,0.0,0.0,0.0,0.0,0.0, 01 noviembre 2018,14:20,07:30,16:50,16:50
Sos del Rey Católico,Zaragoza,10.2 ,4.5 ,7.3,12 ,9 ,0.2,0.0,0.2,0.0,0.0, 01 noviembre 2018,14:40,07:30,14:00,23:59
Tarazona,Zaragoza,13.3 ,6.2 ,9.8,25 ,13 ,0.8,0.8,0.0,0.0,0.0, 01 noviembre 2018,15:10,08:00,01:00,11:20
Ejea de los Caballeros,Zaragoza,14.8 ,6.3 ,10.6,18 ,6 ,0.0,0.0,0.0,0.0,0.0, 01 noviembre 2018,15:20,08:00,11:00,17:20
Castejon de Valdejasa,Zaragoza,11.4 ,5.7 ,8.5,33 ,22 ,0.2,0.2,0.0,0.0,0.0, 01 noviembre 2018,13:30,04:30,12:40,12:40
Alhama de Aragon,Zaragoza,13.6 ,4.4 ,9.0,,,0.2,0.0,0.0,0.2,0.0, 01 noviembre 2018,13:50,07:20,,
Daroca,Zaragoza,12.5 ,4.8 ,8.7,18 ,9 ,0.2,0.2,0.0,0.0,0.0, 01 noviembre 2018,14:40,00:00,15:00,15:00
Calatayud,Zaragoza,14.6 ,4.9 ,9.8,18 ,11 ,0.2,0.2,0.0,0.0,0.0, 01 noviembre 2018,14:20,08:10,14:30,17:40
La Almunia de Doña Godina,Zaragoza,15.3 ,7.1 ,11.2,15 ,9 ,2.2,2.2,0.0,0.0,0.0, 01 noviembre 2018,14:30,08:10,23:10,15:00
Zaragoza Aeropuerto,Zaragoza,15.9 ,7.5 ,11.7,32 ,23 ,0.0,0.0,0.0,0.0,0.0, 01 noviembre 2018,15:10,08:00,14:10,14:10
"Zaragoza, Valdespartera",Zaragoza,15.8 ,7.7 ,11.8,28 ,16 ,0.0,0.0,0.0,0.0,0.0, 01 noviembre 2018,15:20,08:10,14:40,15:10
Leciñena,Zaragoza,13.0 ,4.0 ,8.5,25 ,13 ,0.0,0.0,0.0,0.0,0.0, 01 noviembre 2018,16:20,08:10,13:20,15:10
Valmadrid,Zaragoza,13.5 ,6.5 ,10.0,33 ,21 ,0.0,0.0,0.0,0.0,0.0, 01 noviembre 2018,15:00,00:00,15:00,15:00
Quinto,Zaragoza,15.3 ,7.7 ,11.5,40 ,23 ,,,,,, 01 noviembre 2018,15:00,04:00,15:00,13:40
Caspe,Zaragoza,15.1 ,6.7 ,10.9,35 ,27 ,0.0,0.0,0.0,0.0,0.0, 01 noviembre 2018,16:10,04:20,11:00,11:00
