Est.,Prov.,T. max.,T. min.,T. media,Racha,V. max.,Pr. 00 - 24h,Pr. 00 - 06h,Pr. 06 - 12h,Pr. 12 - 18h,Pr. 18 - 24h,Fecha,T. max.(hora),T. min.(hora),Racha(hora),V. max.(hora)
Estaca de Bares,A Coruña,15.6,9.5,12.6,61,50,2.4,2.4,0.0,0.0,0.0,31 oct 2018,13:10,08:10,04:00,02:10
As Pontes,A Coruña,13.4,5.5,9.4, , ,7.2,4.8,0.0,0.0,2.4,31 oct 2018,12:30,08:20,,
A Coruña,A Coruña,14.7,8.4,11.5,40,26,5.2,4.8,0.0,0.2,0.2,31 oct 2018,12:30,08:30,02:10,02:10
A Coruña Aeropuerto,A Coruña,14.5,6.3,10.4,35,18,2.5,2.3,0.0,0.0,0.2,31 oct 2018,12:30,08:10,00:30,00:10
"Carballo, Depuradora",A Coruña,13.2,4.4,8.8, , ,2.0,0.2,0.0,0.2,1.6,31 oct 2018,15:40,07:50,,
Cabo Vilan,A Coruña,12.4,9.0,10.7,32,23,2.6,0.0,0.0,0.7,1.9,31 oct 2018,11:10,06:00,08:20,08:10
Vimianzo,A Coruña,10.9,4.6,7.7, , ,6.6,0.4,0.0,1.0,5.2,31 oct 2018,15:40,07:20,,
Fisterra,A Coruña,10.7,9.4,10.0,42,25,2.6,0.0,2.0,0.6,0.0,31 oct 2018,00:00,05:20,09:00,09:00
Mazaricos,A Coruña,10.0,6.6,8.3, , ,,,,,,31 oct 2018,15:20,04:00,,
Sobrado,A Coruña,10.7,2.4,6.5, , ,4.0,3.8,0.0,0.0,0.2,31 oct 2018,14:20,08:40,,
Santiago de Compostela Aeropuerto,A Coruña,10.8,4.4,7.6,18,12,0.4,0.3,0.0,0.0,0.1,31 oct 2018,15:50,08:20,00:20,05:00
Noia,A Coruña, , ,, , ,,,,,,31 oct 2018,,,,
Boiro,A Coruña,12.1,6.2,9.2, , ,0.4,0.0,0.0,0.4,0.0,31 oct 2018,16:40,05:40,,
Padrón,A Coruña,12.6,5.1,8.9,17,12,0.7,0.0,0.0,0.2,0.5,31 oct 2018,16:00,08:00,09:30,09:30
Santiago de Compostela,A Coruña,11.9,5.0,8.4,10,4,0.5,0.0,0.0,0.1,0.4,31 oct 2018,16:00,08:00,09:40,09:40
"Rois, Casas do Porto",A Coruña,11.3,6.0,8.7, , ,0.4,0.0,0.0,0.2,0.2,31 oct 2018,16:10,08:20,,
Ossa de Montiel,Albacete, , ,, , ,,,,,,31 oct 2018,,,,
Villarrobledo,Albacete,9.3,3.5,6.4,51,30,10.6,0.8,4.6,3.0,2.2,31 oct 2018,16:40,23:59,11:10,11:10
Munera,Albacete,6.2,1.2,3.7,38,15,3.6,0.8,1.2,1.6,0.0,31 oct 2018,15:30,23:59,13:00,13:10
"Yeste, Embalse Fuensanta",Albacete,10.8,5.1,8.0, , ,0.6,0.6,0.0,0.0,0.0,31 oct 2018,16:00,23:59,,
Nerpio,Albacete,3.2,0.2,1.7, , ,3.6,3.2,0.4,0.0,0.0,31 oct 2018,13:30,06:00,,
Yeste,Albacete,7.8,3.4,5.6, , ,2.2,1.8,0.4,0.0,0.0,31 oct 2018,12:00,23:30,,
Hellín,Albacete,11.7,4.5,8.1,38,21,7.5,7.5,0.0,0.0,0.0,31 oct 2018,15:40,22:10,17:00,16:30
Tobarra,Albacete,11.6,4.3,8.0, , ,6.4,6.4,0.0,0.0,0.0,31 oct 2018,15:40,23:59,,
Albacete Base Aérea,Albacete,9.1,1.8,5.5, , ,8.4,6.2,0.0,2.2,0.0,31 oct 2018,17:10,23:50,,
Chinchilla,Albacete,5.7,1.9,3.8,44,25,10.7,6.8,1.6,2.3,0.0,31 oct 2018,12:40,23:59,15:40,18:20
Albacete,Albacete,8.8,4.9,6.9,37,13,7.9,6.0,0.0,1.9,0.0,31 oct 2018,16:10,23:59,12:50,11:20
Alcalá del Júcar,Albacete,7.8,4.6,6.2,39,21,12.4,6.8,1.4,4.2,0.0,31 oct 2018,00:00,23:59,13:50,13:50
Almansa,Albacete,10.9,3.9,7.4,43,17,1.6,1.6,0.0,0.0,0.0,31 oct 2018,12:30,21:40,02:40,14:20
Orihuela,Alacant/Alicante,17.9,8.1,13.0,37,19,0.8,0.8,0.0,0.0,0.0,31 oct 2018,15:00,07:50,03:00,03:00
Pinoso,Alacant/Alicante,11.3,1.5,6.4,66,19,2.6,2.6,0.0,0.0,0.0,31 oct 2018,14:10,23:30,02:40,02:40
Rojales,Alacant/Alicante,18.3,9.0,13.6,39,21,0.4,0.4,0.0,0.0,0.0,31 oct 2018,16:40,07:50,03:20,03:20
Villena,Alacant/Alicante,14.5,2.0,8.3,41,26,1.2,1.0,0.0,0.2,0.0,31 oct 2018,15:20,23:40,03:30,03:30
Novelda,Alacant/Alicante,17.1,7.5,12.3, , ,1.4,1.4,0.0,0.0,0.0,31 oct 2018,14:10,07:20,,
Elche/Elx,Alacant/Alicante,18.7,7.0,12.9, , ,2.2,2.2,0.0,0.0,0.0,31 oct 2018,16:00,07:20,,
Alicante-Elche Aeropuerto,Alacant/Alicante,18.0,8.1,13.1,45,31,3.9,3.9,0.0,0.0,0.0,31 oct 2018,15:40,07:20,04:30,04:30
Alicante/Alacant,Alacant/Alicante,18.5,8.3,13.4,32,14,4.2,4.2,0.0,0.0,0.0,31 oct 2018,15:20,07:30,03:50,12:00
Benidorm,Alacant/Alicante, , ,, , ,,11.4,0.0,,,31 oct 2018,,,,
Jávea/ Xàbia,Alacant/Alicante,19.0,7.4,13.2,35,18,8.2,8.2,0.0,0.0,0.0,31 oct 2018,14:40,23:40,13:00,13:50
Pego,Alacant/Alicante,18.1,9.4,13.8,41,24,2.6,2.4,0.0,0.2,0.0,31 oct 2018,14:30,23:40,05:00,04:50
Alcoy/Alcoi,Alacant/Alicante,13.8,6.6,10.2,43,21,2.6,2.6,0.0,0.0,0.0,31 oct 2018,14:20,23:59,04:00,04:40
Vélez Blanco - Topares,Almería,7.4,1.3,4.4, , ,2.4,2.4,0.0,0.0,0.0,31 oct 2018,15:10,06:00,,
El Ejido,Almería,16.9,10.6,13.8, , ,6.0,0.0,0.0,0.0,6.0,31 oct 2018,14:40,06:00,,
Roquetas de Mar,Almería, , ,, , ,,,,,,31 oct 2018,,,,
Abla,Almería,14.1,4.7,9.4,30,13,0.4,0.0,0.0,0.0,0.4,31 oct 2018,14:30,05:50,11:50,11:50
Láujar de Andarax,Almería,7.7,-0.9,3.4,48,34,0.4,0.2,0.0,0.2,0.0,31 oct 2018,14:20,05:50,01:00,01:10
Almería Aeropuerto,Almería,17.2,10.2,13.7,61,47,1.9,0.0,0.0,0.0,1.9,31 oct 2018,14:50,07:40,13:20,14:10
Cabo de Gata,Almería,16.6,12.3,14.5,68,45,2.0,0.6,0.0,0.0,1.4,31 oct 2018,13:20,23:50,04:30,04:30
"Garrucha, Puerto",Almería,18.0,10.5,14.3,40,32,1.6,0.8,0.0,0.0,0.8,31 oct 2018,15:30,07:50,12:10,12:10
Albox,Almería,16.2,6.8,11.5,54,36,0.4,0.4,0.0,0.0,0.0,31 oct 2018,15:40,04:40,13:50,13:50
Huercal Overa,Almería,16.6,7.0,11.8,43,22,0.6,0.6,0.0,0.0,0.0,31 oct 2018,11:30,05:10,14:10,14:30
Aramaio,Araba/Álava,9.5,6.1,7.8, , ,16.4,0.0,1.8,2.8,11.8,31 oct 2018,12:50,21:10,,
Amurrio,Araba/Álava,12.1,7.6,9.9,21,11,13.2,0.0,0.4,2.8,10.0,31 oct 2018,13:30,00:30,03:00,03:20
Lalastra,Araba/Álava,6.7,2.1,4.4,16,8,4.0,0.0,0.0,0.8,3.2,31 oct 2018,14:20,00:00,16:40,15:20
Agurain/Salvatierra,Araba/Álava,8.8,5.5,7.2,53,33,18.6,0.2,2.6,5.8,10.0,31 oct 2018,12:30,22:30,02:20,02:20
Vitoria Gasteiz Aeropuerto,Araba/Álava,10.6,6.0,8.3,24,17,14.7,0.0,1.4,4.3,9.0,31 oct 2018,12:30,07:30,00:40,01:50
Labastida,Araba/Álava,9.5,6.3,7.9,41,17,19.2,0.2,1.2,6.8,11.0,31 oct 2018,11:30,06:50,01:00,01:50
Leza,Araba/Álava,9.3,6.7,8.0, , ,10.6,0.4,2.0,1.8,6.4,31 oct 2018,13:50,20:50,,
Campezo/Kanpezu,Araba/Álava,9.7,6.0,7.8, , ,,,,,,31 oct 2018,12:30,22:40,,
Cabrales,Asturias,13.8,5.5,9.7,28,18,1.6,0.0,0.0,0.0,1.6,31 oct 2018,12:00,03:10,19:10,19:10
Llanes,Asturias,16.0,9.1,12.6,33,18,0.0,0.0,0.0,0.0,0.0,31 oct 2018,11:40,05:40,21:00,15:30
"Amieva, Panizales",Asturias,14.0,5.9,10.0,16,8,2.4,0.0,0.0,2.2,0.2,31 oct 2018,13:30,02:50,14:00,13:10
Piloña,Asturias,14.3,4.4,9.4,17,8,0.0,0.0,0.0,0.0,0.0,31 oct 2018,12:10,07:10,17:20,12:10
Colunga,Asturias,16.3,8.8,12.5,23,12,0.0,0.0,0.0,0.0,0.0,31 oct 2018,15:10,07:30,23:59,04:30
"Gijón, Campus",Asturias,15.2,4.2,9.7,22,14,0.6,0.0,0.0,0.0,0.6,31 oct 2018,12:40,06:10,16:00,16:00
Cabo Peñas,Asturias, , ,, , ,,,,,,31 oct 2018,,,,
Asturias Aeropuerto,Asturias,15.0,7.2,11.1,30,20,0.0,0.0,0.0,0.0,0.0,31 oct 2018,13:40,03:40,02:10,03:40
Puerto de Pajares,Asturias,2.3,-0.1,1.1, , ,,,5.8,2.0,1.4,31 oct 2018,12:50,06:50,,
Pola de Lena,Asturias,13.7,2.5,8.1,26,16,1.2,0.0,0.0,0.6,0.6,31 oct 2018,12:40,04:30,17:30,17:40
Aller,Asturias,13.2,1.5,7.3,11,7,1.8,1.4,0.0,0.0,0.4,31 oct 2018,12:50,04:20,09:10,11:40
Mieres,Asturias,15.0,5.4,10.2,20,9,0.0,0.0,0.0,0.0,0.0,31 oct 2018,15:10,05:30,16:50,16:50
Oviedo,Asturias,13.5,5.5,9.5,24,14,0.0,0.0,0.0,0.0,0.0,31 oct 2018,14:40,04:50,16:20,16:20
"Tineo, Soto de la Barca",Asturias,13.8,2.6,8.2,18,10,0.2,0.0,0.0,0.0,0.2,31 oct 2018,14:20,03:20,15:50,16:00
Pola de Somiedo,Asturias,13.0,-0.3,6.3,12,5,0.2,0.0,0.2,0.0,0.0,31 oct 2018,14:50,03:40,15:20,14:50
Salas,Asturias,15.1,5.3,10.2,19,13,0.0,0.0,0.0,0.0,0.0,31 oct 2018,12:40,04:10,15:20,13:50
Cabo Busto,Asturias,15.7,8.0,11.8,40,25,0.4,0.0,0.0,0.0,0.4,31 oct 2018,14:20,03:10,15:00,15:00
Degaña,Asturias,6.1,-0.2,2.9,13,8,7.6,0.6,6.0,1.0,0.0,31 oct 2018,13:50,23:40,14:40,14:20
"Ibias, San Antolin",Asturias, , ,, , ,,0.2,0.2,,,31 oct 2018,,,,
"Villayón, Oneta",Asturias,14.1,7.1,10.6,31,22,5.6,0.0,0.0,0.0,5.6,31 oct 2018,13:30,07:30,14:30,14:30
Castropol,Asturias,16.6,8.8,12.7,24,12,0.0,0.0,0.0,0.0,0.0,31 oct 2018,13:40,01:00,11:20,00:50
"Taramundi, Ouria",Asturias,13.2,6.5,9.8,31,19,1.0,0.8,0.2,0.0,0.0,31 oct 2018,14:30,08:50,02:00,02:00
Puerto de Leitariegos,Asturias,5.0,-2.9,1.0, , ,,,3.0,6.6,0.8,31 oct 2018,13:20,03:00,,
Muñotello,Ávila,7.7,2.7,5.2,41,28,0.6,0.4,0.2,0.0,0.0,31 oct 2018,14:30,05:40,12:50,12:50
Ávila,Ávila,7.7,3.1,5.4,32,19,0.6,0.4,0.2,0.0,0.0,31 oct 2018,15:00,06:30,07:10,07:10
Gotarrendura,Ávila,8.0,4.2,6.1,28,22,0.6,0.4,0.2,0.0,0.0,31 oct 2018,15:40,06:10,06:20,06:20
Arevalo,Ávila,8.8,4.9,6.9,27,15,0.6,0.0,0.2,0.4,0.0,31 oct 2018,15:30,07:10,13:20,13:20
Rivilla de Barajas,Ávila,7.7,3.9,5.8,29,21,0.4,0.4,0.0,0.0,0.0,31 oct 2018,15:30,08:00,11:30,05:20
Navarredonda de Gredos,Ávila, , ,,20,6,,,,,,31 oct 2018,,,12:40,12:40
Barco de Avila,Ávila,7.8,3.3,5.6,22,12,,,,,,31 oct 2018,15:40,21:30,06:00,06:30
Puerto El Pico,Ávila,7.6,1.5,4.5,22,12,0.0,0.0,0.0,0.0,0.0,31 oct 2018,13:20,07:30,13:00,06:50
Cebreros,Ávila,11.5,4.6,8.0,48,20,3.0,3.0,0.0,0.0,0.0,31 oct 2018,13:00,05:10,10:30,10:30
Candeleda,Ávila,16.2,5.3,10.8,29,14,0.0,0.0,0.0,0.0,0.0,31 oct 2018,15:30,23:20,17:10,16:30
Herrera del Duque,Badajoz,12.3,5.5,8.9,32,18,1.8,1.6,0.0,0.2,0.0,31 oct 2018,15:50,23:50,02:20,03:20
Peraleda del Zaucejo,Badajoz,11.2,6.0,8.6,39,27,2.4,2.2,0.0,0.2,0.0,31 oct 2018,13:40,23:59,11:40,00:40
Castuera,Badajoz,13.6,5.7,9.7,36,24,1.2,0.6,0.2,0.2,0.2,31 oct 2018,14:10,08:00,11:00,11:10
Navalvillar de Pela,Badajoz,13.9,6.3,10.1,39,24,0.4,0.4,0.0,0.0,0.0,31 oct 2018,16:10,23:40,05:30,05:40
Don Benito,Badajoz,15.0,7.0,11.0,37,19,0.6,0.6,0.0,0.0,0.0,31 oct 2018,14:00,07:20,11:10,11:10
Llerena,Badajoz,9.9,5.3,7.6,41,28,1.2,0.0,0.0,0.8,0.4,31 oct 2018,13:50,06:40,05:10,17:20
Villafranca de los Barros,Badajoz,11.3,4.4,7.9,36,22,0.0,0.0,0.0,0.0,0.0,31 oct 2018,11:00,23:59,00:10,04:50
Mérida,Badajoz,14.7,5.5,10.1,35,20,0.2,0.1,0.0,0.1,0.0,31 oct 2018,12:20,23:59,05:30,05:20
Zafra,Badajoz,11.1,6.0,8.6,39,21,1.8,0.0,0.0,1.8,0.0,31 oct 2018,14:20,23:59,04:20,14:40
Almendralejo,Badajoz,11.8,6.5,9.2,33,20,0.2,0.0,0.0,0.2,0.0,31 oct 2018,11:40,07:20,04:50,11:30
Badajoz Aeropuerto,Badajoz,13.0,7.1,10.0,30,14,0.2,0.0,0.0,0.2,0.0,31 oct 2018,14:00,06:50,01:30,03:10
Alburquerque,Badajoz,11.4,5.1,8.2,23,13,0.4,0.0,0.0,0.4,0.0,31 oct 2018,14:10,23:50,09:50,13:30
Puebla de Obando,Badajoz,11.5,5.3,8.4,26,18,1.0,0.0,0.0,1.0,0.0,31 oct 2018,14:00,07:20,10:00,07:50
Badajoz,Badajoz, , ,, , ,,0.0,,,,31 oct 2018,,,,
Olivenza,Badajoz,12.5,6.4,9.5,36,24,8.6,0.0,0.0,8.4,0.2,31 oct 2018,13:30,04:30,13:30,11:50
Alconchel,Badajoz,11.6,7.4,9.5,33,24,7.8,0.0,0.0,7.8,0.0,31 oct 2018,12:20,04:40,14:10,12:40
Barcarrota,Badajoz,11.7,6.3,9.0,30,17,12.6,0.0,0.0,12.4,0.2,31 oct 2018,14:20,00:00,12:10,12:20
Villanueva del Fresno,Badajoz,11.4,5.6,8.5,31,23,6.4,0.0,0.0,6.4,0.0,31 oct 2018,12:30,07:50,11:40,13:00
Monesterio,Badajoz,7.6,4.4,6.0,39,22,6.2,0.0,0.0,5.0,1.2,31 oct 2018,11:50,00:00,03:40,05:20
Fuente de Cantos,Badajoz,9.4,5.5,7.4,43,28,5.4,0.0,0.0,4.2,1.2,31 oct 2018,12:50,00:00,05:40,06:40
Jerez de los Caballeros,Badajoz,11.4,6.6,9.0, , ,10.8,0.0,0.0,9.2,1.6,31 oct 2018,14:20,04:00,,
Fregenal de la Sierra,Badajoz,9.8,5.2,7.5,33,17,9.2,0.0,0.0,7.0,2.2,31 oct 2018,13:10,23:59,03:50,14:40
Azuaga,Badajoz,10.5,5.3,7.9,41,27,0.0,0.0,0.0,0.0,0.0,31 oct 2018,14:10,07:50,10:50,02:20
Pontons,Barcelona,10.9,5.3,8.1,57,26,61.2,13.6,30.0,1.4,16.2,31 oct 2018,12:50,21:40,10:50,11:40
Vilafranca del Penedès,Barcelona,15.5,8.5,12.0,37,13,41.6,12.6,14.8,0.4,13.8,31 oct 2018,13:00,21:10,07:50,07:50
Sitges,Barcelona,17.0,9.9,13.4,75,39,29.4,14.8,6.2,0.0,8.4,31 oct 2018,12:40,21:20,07:40,07:40
Barcelona Aeropuerto,Barcelona,17.8,11.3,14.5,59,39,30.2,17.7,7.7,3.2,1.6,31 oct 2018,12:20,22:40,03:10,12:20
Berga,Barcelona,9.3,4.7,7.0,28,15,50.8,10.6,20.0,15.0,5.2,31 oct 2018,15:10,23:40,16:30,20:30
Balsareny,Barcelona,13.2,0.1,6.6,36,22,44.8,7.6,19.0,10.6,7.6,31 oct 2018,14:40,20:30,16:00,16:00
Prats de Lluçanès,Barcelona,10.2,4.8,7.5,33,13,36.8,7.6,12.6,10.6,6.0,31 oct 2018,14:20,23:50,16:20,16:20
Moià,Barcelona,10.4,5.2,7.8,48,24,44.6,9.4,19.8,6.4,9.0,31 oct 2018,14:40,22:40,08:40,08:40
Manresa,Barcelona,14.3,7.9,11.1,30,14,35.0,9.6,15.0,4.0,6.4,31 oct 2018,14:20,22:50,15:20,15:40
Monistrol de Montserrat,Barcelona,9.1,5.4,7.3, , ,43.4,9.2,17.2,4.4,12.6,31 oct 2018,13:20,20:00,,
Igualada,Barcelona,15.2,9.0,12.1,30,14,41.3,13.7,13.1,2.4,12.1,31 oct 2018,13:10,23:40,13:20,14:10
"Corbera, Pic d'Agulles",Barcelona,10.6,5.8,8.2, , ,43.6,14.0,20.4,2.4,6.8,31 oct 2018,12:30,19:30,,
Barcelona,Barcelona,16.7,10.8,13.8,77,45,39.1,18.0,15.2,4.6,1.3,31 oct 2018,13:40,23:30,05:50,20:20
"Barcelona, Museo Marítimo",Barcelona, , ,, , ,,,,,,31 oct 2018,,,,
Caldes de Montbui,Barcelona,15.5,8.3,11.9,43,19,45.4,7.2,24.0,7.2,7.0,31 oct 2018,13:40,23:50,15:20,14:10
Vilassar de Dalt,Barcelona,18.6,10.1,14.4,45,26,18.2,8.0,4.8,4.0,1.4,31 oct 2018,13:20,22:40,09:00,15:20
Santa Susanna,Barcelona,16.2,8.3,12.3,46,26,,,,,,31 oct 2018,12:40,23:40,13:20,11:00
Fogars de Montclús,Barcelona,8.2,4.2,6.2, , ,56.2,9.8,26.2,16.0,4.2,31 oct 2018,03:30,23:00,,
Tona,Barcelona,11.4,5.3,8.3,30,13,47.0,10.6,16.8,11.0,8.6,31 oct 2018,14:00,23:40,14:10,09:40
Sant Julià  de Vilatorta,Barcelona,12.1,4.9,8.5,33,12,26.7,7.4,7.8,8.7,2.8,31 oct 2018,14:30,23:59,15:00,14:30
Lekeitio,Bizkaia,13.4,9.7,11.5,35,28,8.7,0.0,1.0,1.4,6.3,31 oct 2018,13:10,08:40,14:20,14:20
Forua,Bizkaia,13.3,6.7,10.0,18,9,15.6,0.0,0.8,1.8,13.0,31 oct 2018,13:20,06:20,23:59,22:30
Machichaco,Bizkaia,13.0,9.8,11.4,72,56,13.4,0.0,0.0,3.0,10.4,31 oct 2018,12:30,05:20,23:40,23:40
Punta Galea,Bizkaia,12.7,8.8,10.8,36,20,30.8,0.0,0.1,5.7,25.0,31 oct 2018,13:40,02:30,22:20,22:20
Orozko,Bizkaia,11.8,7.1,9.5,17,5,14.0,0.0,0.2,5.8,8.0,31 oct 2018,13:30,05:10,01:30,13:40
Abadiño,Bizkaia,8.0,5.3,6.7, , ,20.6,0.0,1.4,6.4,12.8,31 oct 2018,12:20,05:40,,
Amorebieta--Etxano,Bizkaia,12.1,7.8,10.0,32,9,15.0,0.0,0.8,3.2,11.0,31 oct 2018,14:50,07:20,00:10,00:50
Balmaseda,Bizkaia,11.9,6.4,9.1, , ,19.6,0.0,0.2,0.6,18.8,31 oct 2018,14:30,05:10,,
Güeñes,Bizkaia,11.7,6.7,9.2,14,5,18.8,0.0,0.1,1.9,16.8,31 oct 2018,14:00,02:00,14:10,03:40
Bilbao Aeropuerto,Bizkaia,13.5,8.5,11.0,26,17,17.4,0.0,0.0,4.3,13.1,31 oct 2018,13:50,05:40,15:00,15:10
Sopuerta,Bizkaia,12.5,7.1,9.8,29,13,18.6,0.0,0.0,0.8,17.8,31 oct 2018,14:20,02:20,23:50,23:30
Coruña del Conde,Burgos,7.8,5.2,6.5,31,18,6.2,1.2,0.6,3.8,0.6,31 oct 2018,12:20,23:40,00:10,00:30
Aranda de Duero,Burgos,8.3,5.9,7.1,27,11,5.2,1.8,0.4,1.2,1.8,31 oct 2018,13:20,07:30,14:40,14:40
Villadiego,Burgos,9.6,4.3,7.0,28,21,0.8,0.0,0.8,0.0,0.0,31 oct 2018,14:10,02:30,16:50,16:40
Pedrosa del Príncipe,Burgos,10.0,4.4,7.2,19,13,1.4,0.0,0.2,0.6,0.6,31 oct 2018,14:10,01:50,16:20,16:20
Palacios de la Sierra,Burgos,7.0,3.9,5.5,28,16,1.6,0.4,0.2,1.0,0.0,31 oct 2018,12:00,07:30,00:30,00:30
Monterrubio de la Demanda,Burgos,6.2,2.1,4.1,31,15,4.0,0.4,0.0,0.8,2.8,31 oct 2018,12:50,23:50,00:30,00:30
Villamayor de los Montes,Burgos,8.3,5.4,6.9,20,13,1.8,0.4,0.8,0.4,0.2,31 oct 2018,12:50,08:30,13:10,14:20
Burgos Aeropuerto,Burgos,7.9,4.0,6.0,25,18,1.2,0.2,0.4,0.0,0.6,31 oct 2018,15:20,02:10,02:20,02:10
Santa Gadea de Alfoz,Burgos,7.9,2.7,5.3, , ,0.2,0.0,0.2,0.0,0.0,31 oct 2018,13:20,02:10,,
Sargentes de la Lora,Burgos,8.7,2.6,5.6,29,18,1.0,0.2,0.8,0.0,0.0,31 oct 2018,14:30,00:00,16:10,14:30
Briviesca,Burgos,8.2,5.2,6.7,31,19,7.6,0.0,0.2,2.2,5.2,31 oct 2018,15:10,00:00,03:00,02:50
Medina de Pomar,Burgos, , ,, , ,,,,,,31 oct 2018,,,,
Miranda de Ebro,Burgos, , ,, , ,,,,,,31 oct 2018,,,,
Belorado,Burgos,7.0,3.9,5.5,16,9,0.1,0.0,0.0,0.0,0.1,31 oct 2018,12:40,00:00,14:40,14:40
Puerto Rey,Cáceres, , ,, , ,,,,,,31 oct 2018,,,,
Navalvillar de Ibor,Cáceres,8.7,2.7,5.7,36,12,0.4,0.4,0.0,0.0,0.0,31 oct 2018,15:10,23:30,11:20,11:20
Madrigal de la Vera,Cáceres,13.1,5.6,9.4,27,12,0.0,0.0,0.0,0.0,0.0,31 oct 2018,16:30,23:59,17:00,17:00
Navalmoral de la Mata,Cáceres,15.7,5.5,10.6,46,24,0.0,0.0,0.0,0.0,0.0,31 oct 2018,15:00,08:00,13:40,13:40
Garganta de la Olla,Cáceres,12.3,5.8,9.1,44,26,0.0,0.0,0.0,0.0,0.0,31 oct 2018,13:30,23:50,10:30,09:50
Serradilla,Cáceres,12.4,6.5,9.4,28,15,0.2,0.0,0.0,0.0,0.2,31 oct 2018,14:40,07:30,00:50,10:50
Jaraicejo,Cáceres,11.7,4.5,8.1,26,17,0.2,0.2,0.0,0.0,0.0,31 oct 2018,12:40,08:10,10:30,14:20
Trujillo,Cáceres,12.5,4.5,8.5,31,21,0.0,0.0,0.0,0.0,0.0,31 oct 2018,13:20,23:40,06:00,06:00
Cáceres,Cáceres,12.6,6.1,9.4,41,26,0.2,0.2,0.0,0.0,0.0,31 oct 2018,15:40,23:00,07:00,10:40
Cañaveral,Cáceres,13.4,7.5,10.4,50,32,0.0,0.0,0.0,0.0,0.0,31 oct 2018,12:30,23:59,06:00,06:10
Nuñomoral,Cáceres,11.3,3.7,7.5,23,11,0.8,0.8,0.0,0.0,0.0,31 oct 2018,15:50,23:59,05:20,12:50
Guijo de Granadilla,Cáceres,13.8,6.0,9.9,13,8,0.0,0.0,0.0,0.0,0.0,31 oct 2018,13:40,23:10,13:30,20:30
Hervás,Cáceres,9.8,4.1,7.0,15,10,1.4,1.2,0.0,0.2,0.0,31 oct 2018,15:20,22:30,22:30,20:40
Montehermoso,Cáceres,13.0,5.3,9.2,26,15,0.0,0.0,0.0,0.0,0.0,31 oct 2018,14:50,23:59,02:50,03:30
Tornavacas,Cáceres,9.3,3.5,6.4,32,20,0.0,0.0,0.0,0.0,0.0,31 oct 2018,14:40,04:00,22:20,23:59
Piornal,Cáceres,7.1,1.0,4.0,45,23,0.6,0.6,0.0,0.0,0.0,31 oct 2018,12:40,21:10,05:50,06:00
Plasencia,Cáceres,13.2,6.6,9.9,22,7,0.1,0.1,0.0,0.0,0.0,31 oct 2018,13:20,23:59,07:30,09:20
Coria,Cáceres,14.9,6.2,10.5,30,17,0.4,0.4,0.0,0.0,0.0,31 oct 2018,16:10,23:59,16:40,16:40
Torrecilla de los Angeles,Cáceres,12.8,3.9,8.4,38,15,0.0,0.0,0.0,0.0,0.0,31 oct 2018,13:40,23:40,01:00,01:00
Hoyos,Cáceres,13.0,4.3,8.7,39,21,0.2,0.0,0.2,0.0,0.0,31 oct 2018,16:20,22:00,01:40,01:50
Zarza La Mayor,Cáceres,13.3,5.9,9.6,29,20,0.6,0.0,0.0,0.6,0.0,31 oct 2018,14:40,07:00,15:40,15:40
Valverde del Fresno,Cáceres,12.5,4.8,8.7,21,10,0.0,0.0,0.0,0.0,0.0,31 oct 2018,17:00,07:40,01:10,11:30
Aliseda,Cáceres,12.5,6.3,9.4,26,17,0.0,0.0,0.0,0.0,0.0,31 oct 2018,14:30,22:20,00:40,08:50
Brozas,Cáceres,12.4,5.3,8.8,32,24,0.0,0.0,0.0,0.0,0.0,31 oct 2018,13:20,07:40,00:30,00:10
Valencia de Alcántara,Cáceres,10.4,4.8,7.6,31,18,0.4,0.0,0.0,0.4,0.0,31 oct 2018,13:50,23:59,10:00,04:40
Guadalupe,Cáceres,11.1,4.5,7.8,27,8,0.6,0.4,0.0,0.2,0.0,31 oct 2018,14:20,23:59,06:30,14:20
Cañamero,Cáceres,10.6,4.2,7.4,31,23,1.2,1.2,0.0,0.0,0.0,31 oct 2018,17:20,23:10,06:10,06:10
Zorita,Cáceres,12.4,5.7,9.0,35,25,0.2,0.0,0.2,0.0,0.0,31 oct 2018,15:00,08:10,12:20,12:40
Alcuescar,Cáceres,11.6,5.5,8.6,30,18,2.2,2.2,0.0,0.0,0.0,31 oct 2018,14:50,08:00,13:00,11:40
Chipiona,Cádiz,14.7,11.5,13.1,48,27,43.4,0.0,0.0,43.0,0.4,31 oct 2018,11:00,17:40,18:30,16:30
"Rota, Base Naval",Cádiz,14.7,11.2,12.9, , ,36.2,0.0,0.4,35.4,0.4,31 oct 2018,10:50,21:20,,
Grazalema,Cádiz,8.2,4.1,6.1,44,12,43.0,0.1,0.0,19.7,23.2,31 oct 2018,23:40,05:30,00:20,20:40
Olvera,Cádiz,9.8,5.4,7.6,41,27,18.6,0.0,0.0,9.6,9.0,31 oct 2018,11:40,05:10,14:00,13:40
El Bosque,Cádiz,12.1,6.6,9.4,32,22,33.8,0.0,0.0,10.8,23.0,31 oct 2018,11:10,06:10,16:00,16:00
San José del Valle,Cádiz,12.9,7.6,10.2,39,23,30.0,0.0,0.0,13.0,17.0,31 oct 2018,11:50,06:10,16:20,16:40
Jerez de la Frontera Aeropuerto,Cádiz,12.9,5.0,8.9,58,39,20.4,0.0,0.2,17.9,2.3,31 oct 2018,13:00,07:20,18:20,18:40
San Fernando,Cádiz,17.8,12.2,15.0,69,45,21.3,0.0,0.2,21.0,0.1,31 oct 2018,18:30,23:59,18:10,18:50
Cádiz,Cádiz,17.8,12.5,15.1,60,37,22.1,0.0,0.5,21.5,0.1,31 oct 2018,18:20,23:59,18:20,17:10
Medina Sidonia,Cádiz,16.6,7.3,12.0,48,32,17.8,0.0,0.2,17.2,0.4,31 oct 2018,19:10,07:40,20:00,19:50
Vejer de la Frontera,Cádiz,16.3,9.9,13.1,72,43,65.0,0.0,0.5,64.4,0.1,31 oct 2018,19:00,08:20,18:00,19:20
Barbate,Cádiz,18.0,9.9,13.9,125,92,31.4,0.2,2.8,28.4,0.0,31 oct 2018,19:10,06:20,17:50,17:50
Tarifa,Cádiz,17.1,9.4,13.3,84,57,20.8,1.1,1.9,13.6,4.2,31 oct 2018,20:50,08:00,18:10,18:00
Jimena de la Frontera,Cádiz,14.7,6.6,10.6,41,18,29.4,0.0,0.0,13.6,15.8,31 oct 2018,11:00,05:40,18:40,18:30
San Roque,Cádiz,14.2,8.3,11.3,49,31,86.8,0.0,0.0,17.0,69.8,31 oct 2018,13:40,05:30,18:30,21:10
Castro Urdiales,Cantabria,13.8,9.7,11.8,47,27,22.3,0.0,0.0,1.1,21.2,31 oct 2018,12:10,05:30,21:30,21:30
Ramales de la Victoria,Cantabria,14.2,6.8,10.5,18,8,8.2,0.0,0.0,0.2,8.0,31 oct 2018,13:40,07:10,18:00,13:50
"Barcena de Cicero, Treto",Cantabria,14.3,7.2,10.8,32,16,17.6,0.0,0.0,0.4,17.2,31 oct 2018,14:50,06:00,19:20,19:20
"Soba, Alto Miera",Cantabria,7.9,4.7,6.3,28,15,7.2,0.0,0.0,0.4,6.8,31 oct 2018,12:20,07:20,20:00,20:10
Santander Aeropuerto,Cantabria,16.0,7.6,11.8,39,23,3.3,0.0,0.0,0.0,3.3,31 oct 2018,13:50,06:30,18:40,18:40
Santander,Cantabria,14.5,10.2,12.3,46,32,3.8,0.0,0.0,0.0,3.8,31 oct 2018,13:40,06:10,18:30,18:40
Villacarriedo,Cantabria,13.9,6.2,10.0,23,12,1.4,0.0,0.0,0.0,1.4,31 oct 2018,15:00,07:50,16:10,15:50
"Los Tojos, Bárcena Mayor",Cantabria,11.1,1.3,6.2,17,8,0.0,0.0,0.0,0.0,0.0,31 oct 2018,12:40,07:00,16:10,19:10
San Felices de Buelna,Cantabria,14.9,4.9,9.9,29,11,0.0,0.0,0.0,0.0,0.0,31 oct 2018,14:30,07:10,17:40,15:20
"Torrelavega, Sierrapando",Cantabria,14.6,6.9,10.8,35,23,1.8,0.0,0.0,0.0,1.8,31 oct 2018,14:30,07:10,19:00,16:40
San Vicente de la Barquera,Cantabria,14.8,7.1,11.0,40,26,0.0,0.0,0.0,0.0,0.0,31 oct 2018,11:40,04:50,18:10,18:20
"Camaleño, Fuente De",Cantabria,6.2,0.8,3.5,12,4,0.2,0.0,0.2,0.0,0.0,31 oct 2018,12:20,23:59,21:40,11:20
"Cillórigo de Liébana, Tama",Cantabria,13.7,4.1,8.9,15,9,0.0,0.0,0.0,0.0,0.0,31 oct 2018,13:20,05:30,14:10,20:20
Tresviso,Cantabria,10.0,4.3,7.2,45,27,0.2,0.0,0.0,0.0,0.2,31 oct 2018,12:10,03:30,20:00,22:20
"Santillana del Mar, Altamira",Cantabria,14.1,7.7,10.9,26,12,0.6,0.0,0.0,0.0,0.6,31 oct 2018,14:40,07:30,18:20,00:20
Reinosa,Cantabria,9.6,1.9,5.8, , ,0.1,0.1,0.0,0.0,0.0,31 oct 2018,12:00,07:00,,
Alto Campoo,Cantabria,4.8,-1.2,1.8,39,26,0.0,0.0,0.0,0.0,0.0,31 oct 2018,10:40,03:50,20:50,21:40
"Valderredible, Cubillo de Ebro",Cantabria,10.7,4.3,7.5,26,13,0.6,0.2,0.4,0.0,0.0,31 oct 2018,14:20,06:30,14:40,13:30
"Valderredible, Polientes",Cantabria,10.9,5.3,8.1,21,7,1.2,0.2,0.8,0.0,0.2,31 oct 2018,14:50,06:40,14:10,14:50
Segorbe,Castelló/Castellón, , ,, , ,,,,,,31 oct 2018,,,,
Montanejos,Castelló/Castellón,10.7,5.4,8.0,35,14,7.6,4.8,2.0,0.2,0.6,31 oct 2018,12:40,23:40,14:20,21:50
Villafranca del Cid/Vilafranca,Castelló/Castellón,9.0,2.5,5.8,30,16,,,,,,31 oct 2018,13:40,22:40,13:40,15:20
Atzeneta del Maestrat,Castelló/Castellón,14.5,5.6,10.0,40,23,8.6,8.2,0.4,0.0,0.0,31 oct 2018,12:30,23:30,15:00,14:40
Castellón - Almassora,Castelló/Castellón,17.3,10.0,13.6,46,25,7.0,7.0,0.0,0.0,0.0,31 oct 2018,12:10,23:20,14:00,14:10
Torreblanca,Castelló/Castellón,16.8,9.4,13.1,41,28,8.0,7.8,0.2,0.0,0.0,31 oct 2018,14:30,23:59,13:10,15:10
La Pobla de Benifassà-Fredes,Castelló/Castellón, , ,,31,15,12.2,9.8,0.8,1.6,0.0,31 oct 2018,,,14:50,01:30
Vinaròs,Castelló/Castellón,17.1,7.6,12.4,43,25,5.0,3.5,1.5,0.0,0.0,31 oct 2018,13:50,22:20,15:00,15:10
Morella,Castelló/Castellón,9.8,4.1,7.0,35,23,6.6,5.0,1.2,0.4,0.0,31 oct 2018,14:30,20:50,23:59,23:59
Castellfort,Castelló/Castellón,7.8,2.7,5.3, , ,0.5,0.1,0.0,0.2,0.2,31 oct 2018,14:00,23:59,,
Ceuta,Ceuta,16.7,10.4,13.6,59,28,42.0,13.2,13.6,7.0,8.2,31 oct 2018,21:40,02:30,22:00,22:10
Alcazar de San Juan,Ciudad Real,9.6,5.4,7.5,31,13,7.8,1.0,6.2,0.6,0.0,31 oct 2018,14:50,23:40,13:10,14:20
Tomelloso,Ciudad Real,9.5,4.8,7.2,42,19,7.2,0.4,5.2,1.4,0.2,31 oct 2018,16:40,23:59,13:40,11:10
Ciudad Real,Ciudad Real,10.5,4.7,7.6,38,18,1.4,0.8,0.4,0.0,0.2,31 oct 2018,15:30,23:59,13:00,13:10
Villanueva de los Infantes,Ciudad Real,6.6,2.1,4.3,44,29,1.8,1.4,0.2,0.2,0.0,31 oct 2018,15:40,23:40,13:40,09:30
Valdepeñas,Ciudad Real,9.2,4.0,6.6,36,19,2.4,1.2,1.2,0.0,0.0,31 oct 2018,15:10,23:59,13:40,12:50
Viso del Marqués,Ciudad Real,8.8,2.1,5.5,37,27,3.9,1.4,2.5,0.0,0.0,31 oct 2018,13:00,23:59,12:30,12:30
Abenójar,Ciudad Real, , ,, , ,,0.6,2.0,0.2,,31 oct 2018,,,,
Puebla de Don Rodrigo,Ciudad Real,11.2,4.3,7.8, , ,,,,,,31 oct 2018,13:30,22:50,,
Almadén,Ciudad Real,10.7,5.9,8.3,34,15,2.6,0.6,1.2,0.6,0.2,31 oct 2018,15:20,23:50,15:40,15:50
Fuencaliente,Ciudad Real,8.1,4.9,6.5,35,15,12.4,5.4,6.8,0.0,0.2,31 oct 2018,14:00,06:20,08:50,06:00
Valsequillo,Córdoba,10.9,5.9,8.4,36,24,0.6,0.4,0.0,0.2,0.0,31 oct 2018,15:00,08:00,15:30,11:00
Hinojosa del Duque,Córdoba,12.0,5.8,8.9, , ,1.1,1.0,0.1,0.0,0.0,31 oct 2018,15:50,04:40,,
Cardeña,Córdoba,7.4,4.2,5.8, , ,8.4,1.2,5.0,1.8,0.4,31 oct 2018,15:00,07:50,,
Montoro,Córdoba,13.6,7.9,10.8,33,21,2.6,0.4,1.2,1.0,0.0,31 oct 2018,12:50,06:20,11:50,11:50
Villanueva de Córdoba,Córdoba,8.6,4.6,6.6,39,21,2.6,1.6,1.0,0.0,0.0,31 oct 2018,13:30,05:30,12:20,11:20
"Córdoba, Embalse de Guadanuño",Córdoba,9.8,5.4,7.6,38,22,1.4,0.4,0.6,0.4,0.0,31 oct 2018,15:10,06:30,15:00,15:10
Córdoba Aeropuerto,Córdoba,14.3,7.9,11.1,35,26,0.2,0.1,0.1,0.0,0.0,31 oct 2018,13:20,07:50,14:00,14:20
Priego de Cordoba,Córdoba, , ,, , ,,0.6,1.0,,,31 oct 2018,,,,
Doña Mencía,Córdoba,11.7,5.5,8.6,44,26,3.2,0.4,0.9,0.3,1.6,31 oct 2018,14:40,06:10,06:30,06:30
"Córdoba, Prágdena",Córdoba,12.6,6.9,9.8,34,19,2.4,0.2,1.8,0.4,0.0,31 oct 2018,15:20,06:30,16:20,15:30
Espiel,Córdoba, , ,, , ,,,,,,31 oct 2018,,,,
Fuente Palmera,Córdoba, , ,, , ,,,,,,31 oct 2018,,,,
Benamejí,Córdoba,10.5,5.8,8.2,37,24,8.6,0.0,0.0,0.6,8.0,31 oct 2018,14:00,05:00,02:30,20:30
Aguilar de la Frontera,Córdoba,13.1,6.6,9.9,35,22,1.0,0.0,0.0,0.8,0.2,31 oct 2018,14:10,07:20,13:30,13:00
La Rambla,Córdoba,12.8,7.0,9.9,44,28,1.6,0.2,0.2,0.4,0.8,31 oct 2018,13:20,03:50,13:50,13:10
Beteta,Cuenca,4.1,0.3,2.2, , ,12.2,0.6,3.2,2.6,5.8,31 oct 2018,02:40,17:50,,
Cañizares,Cuenca,6.4,2.5,4.5, , ,12.7,1.5,3.2,4.3,3.7,31 oct 2018,01:50,15:10,,
Tarancón,Cuenca,8.9,5.0,6.9,39,23,8.2,1.0,6.2,1.0,0.0,31 oct 2018,16:20,23:59,14:00,14:00
Alcázar del Rey,Cuenca,8.2,4.7,6.4,34,17,15.6,3.8,9.8,2.0,0.0,31 oct 2018,16:10,04:50,13:30,13:30
Abia de Obispalia,Cuenca,5.9,3.2,4.6,34,15,18.8,4.0,8.0,6.6,0.2,31 oct 2018,00:00,10:40,15:30,15:30
Villares del Saz,Cuenca,7.1,4.8,6.0, , ,20.8,3.4,9.6,7.8,0.0,31 oct 2018,00:00,08:10,,
Alberca de Zancara,Cuenca,7.2,4.3,5.8,45,31,15.0,4.2,5.2,5.6,0.0,31 oct 2018,00:00,23:50,14:50,15:10
San Clemente,Cuenca,8.2,3.8,6.0,50,35,12.2,4.4,4.8,2.8,0.2,31 oct 2018,16:30,22:40,13:40,15:20
Osa de la Vega,Cuenca,7.8,5.0,6.4,39,20,15.2,1.2,7.2,6.8,0.0,31 oct 2018,16:50,23:20,00:40,00:40
Belmonte,Cuenca, , ,, , ,,3.0,,6.4,0.0,31 oct 2018,,,,
Cuenca,Cuenca,6.6,4.0,5.3,22,11,20.4,3.8,7.0,8.2,1.4,31 oct 2018,00:00,13:50,00:40,00:40
Motilla del Palancar,Cuenca,6.8,2.5,4.7,40,27,18.4,5.2,8.6,4.6,0.0,31 oct 2018,00:10,23:00,14:10,13:40
Salvacañete,Cuenca,4.8,0.5,2.7,24,13,15.6,4.4,3.4,4.6,3.2,31 oct 2018,12:50,16:40,12:00,11:50
Mira,Cuenca,7.4,4.8,6.1, , ,17.8,5.6,3.8,8.2,0.2,31 oct 2018,00:00,10:40,,
Irún,Gipuzkoa,11.8,9.5,10.7,20,9,10.8,0.0,2.8,4.2,3.8,31 oct 2018,14:40,23:59,19:40,19:30
San Sebastián Aeropuerto,Gipuzkoa,13.1,10.2,11.7,17,14,11.3,0.0,3.2,3.9,4.2,31 oct 2018,13:10,03:10,06:50,06:50
Renteria,Gipuzkoa,12.5,9.1,10.8,37,21,16.2,0.0,5.2,6.2,4.8,31 oct 2018,03:20,23:50,02:30,02:30
Segura - Lastala,Gipuzkoa,11.8,8.0,9.9,44,21,26.4,0.0,3.8,9.8,12.8,31 oct 2018,13:00,23:20,00:10,00:10
Beasain,Gipuzkoa,11.3,8.1,9.7,28,10,23.8,0.0,3.2,8.8,11.8,31 oct 2018,13:00,23:59,00:30,00:30
Ordizia,Gipuzkoa,10.7,8.0,9.3,29,17,27.8,0.0,4.2,11.4,12.2,31 oct 2018,13:20,23:50,02:00,02:00
Legazpia,Gipuzkoa,10.3,6.8,8.6, , ,17.8,0.0,1.6,7.0,9.2,31 oct 2018,13:20,23:50,,
Zumarraga,Gipuzkoa,10.0,6.2,8.1,21,8,21.6,0.0,2.7,6.0,12.9,31 oct 2018,12:50,23:50,01:00,16:20
Azpeitia,Gipuzkoa,12.0,8.9,10.4,23,8,17.6,0.0,2.2,5.8,9.6,31 oct 2018,13:10,08:40,00:20,01:20
Zumaia,Gipuzkoa,13.4,10.3,11.8,31,17,9.7,0.0,1.7,1.9,6.1,31 oct 2018,13:40,07:40,00:20,00:40
Aretxabaleta,Gipuzkoa,10.7,7.8,9.3, , ,14.0,0.0,2.2,4.2,7.6,31 oct 2018,14:00,08:00,,
Elgeta,Gipuzkoa,10.1,6.7,8.4,19,7,14.8,0.0,2.0,2.4,10.4,31 oct 2018,12:50,07:00,00:30,00:30
Elgoibar,Gipuzkoa,12.2,8.3,10.3,45,26,8.9,0.0,1.6,2.1,5.2,31 oct 2018,13:40,07:40,02:00,02:10
Mutriku,Gipuzkoa,12.4,9.7,11.0,34,16,7.2,0.0,1.4,1.4,4.4,31 oct 2018,13:20,23:10,01:30,23:59
Blanes,Girona,17.3,10.5,13.9,65,36,31.0,18.6,7.8,1.4,3.2,31 oct 2018,13:10,22:00,13:20,13:20
"Castell, Platja d'Aro",Girona,17.1,10.1,13.6,49,17,41.8,24.4,6.0,5.4,6.0,31 oct 2018,13:20,23:20,09:50,11:20
Sant Pau de Segúries,Girona,7.6,3.0,5.3,33,10,27.2,5.6,8.0,12.0,1.6,31 oct 2018,11:10,23:59,13:30,13:30
Planoles,Girona,5.6,0.2,2.9,37,18,62.0,16.2,18.2,17.4,10.2,31 oct 2018,10:50,23:40,10:50,11:10
Ripoll,Girona,10.0,4.0,7.0,17,5,33.5,8.3,7.9,11.0,6.3,31 oct 2018,15:00,23:59,10:30,17:20
Les Planes d'Hostoles,Girona,11.7,6.9,9.3,18,6,35.6,8.6,13.4,8.4,5.2,31 oct 2018,12:20,23:59,20:40,09:40
Sant Hilari,Girona,8.8,3.7,6.3,38,17,38.2,8.4,11.4,8.0,10.4,31 oct 2018,14:30,23:59,13:10,13:10
Girona Aeropuerto,Girona,16.1,8.8,12.5,52,35,45.8,13.3,17.0,6.8,8.7,31 oct 2018,13:20,23:59,13:40,13:50
Girona,Girona,17.0,9.7,13.3,44,18,41.8,16.0,8.6,5.6,11.6,31 oct 2018,13:30,23:59,13:40,13:40
Porqueres,Girona,14.9,8.5,11.7,38,17,33.8,12.7,8.7,8.4,4.0,31 oct 2018,13:20,23:50,13:50,14:10
L'Estartit,Girona,17.3,10.8,14.0,52,35,30.6,10.2,11.6,5.8,3.0,31 oct 2018,11:30,23:59,14:20,14:10
La Vall de Bianya,Girona,10.7,6.4,8.5,22,7,32.0,7.6,12.6,9.8,2.0,31 oct 2018,13:10,23:59,13:30,05:00
Castelló d'Empúries,Girona,15.0,9.4,12.2,45,21,40.2,13.2,13.6,8.4,5.0,31 oct 2018,14:20,23:59,05:30,14:20
Maçanet de Cabrenys,Girona,12.5,6.3,9.4,28,12,34.2,10.4,7.4,12.2,4.2,31 oct 2018,11:50,23:30,14:30,14:30
Espolla,Girona,14.5,8.5,11.5,47,23,27.6,7.4,8.6,7.8,3.8,31 oct 2018,14:20,23:59,14:40,14:40
Figueres,Girona,16.0,9.8,12.9,45,20,25.8,10.2,9.8,3.6,2.2,31 oct 2018,14:20,23:59,14:30,14:30
La Molina,Girona,2.6,-0.6,1.0,49,28,89.2,24.0,31.8,24.6,8.8,31 oct 2018,04:40,22:20,01:20,08:10
Baza,Granada,10.9,5.0,7.9,49,28,0.0,0.0,0.0,0.0,0.0,31 oct 2018,17:00,06:00,13:10,13:20
Dólar,Granada,9.0,0.9,4.9, , ,0.6,0.2,0.0,0.0,0.4,31 oct 2018,15:10,05:30,,
Granada-Cartuja,Granada,11.7,4.5,8.1,16,6,5.4,0.4,0.6,0.2,4.2,31 oct 2018,15:20,05:40,01:50,01:50
Granada Aeropuerto,Granada,11.0,5.8,8.4,28,18,0.0,0.0,0.0,0.0,0.0,31 oct 2018,14:50,07:00,01:10,01:50
Loja,Granada,12.9,6.1,9.5,53,20,19.7,0.0,0.1,0.3,19.3,31 oct 2018,14:40,20:10,02:50,01:20
Lanjarón,Granada,12.1,5.3,8.7, , ,12.6,0.0,0.6,0.6,11.4,31 oct 2018,13:40,07:50,,
Salobreña,Granada,16.9,6.6,11.7,37,17,9.4,0.0,0.0,0.2,9.2,31 oct 2018,14:50,06:50,13:30,12:50
Motril,Granada,15.8,9.0,12.4,39,19,0.0,0.0,0.0,0.0,0.0,31 oct 2018,14:40,07:50,12:00,14:00
"Motril, Puerto",Granada, , ,,39,26,10.0,0.0,0.0,0.2,9.8,31 oct 2018,,,12:10,12:00
Castell de Ferro,Granada,14.6,9.3,12.0,48,30,10.4,0.0,0.2,0.4,9.8,31 oct 2018,14:50,04:40,09:40,09:30
Válor,Granada,13.1,1.7,7.4, , ,5.2,0.2,0.0,0.2,4.8,31 oct 2018,14:30,06:50,,
Molina de Aragón,Guadalajara,5.4,1.9,3.7,17,8,9.0,1.0,0.8,5.2,2.0,31 oct 2018,00:10,19:00,13:40,10:20
Zaorejas,Guadalajara,3.6,0.8,2.2,28,16,16.4,0.4,1.4,7.4,7.2,31 oct 2018,10:20,17:50,13:40,14:50
Pastrana,Guadalajara,7.5,4.4,6.0, , ,12.4,3.0,6.8,2.6,0.0,31 oct 2018,16:50,23:20,,
Pantano el Vado,Guadalajara,9.0,5.6,7.3,26,13,5.8,5.2,0.0,0.2,0.4,31 oct 2018,13:40,05:30,16:30,15:20
Sigüenza,Guadalajara, , ,, , ,,,,,,31 oct 2018,,,,
Mandayona,Guadalajara,7.2,4.9,6.0, , ,19.0,0.8,2.6,12.8,2.8,31 oct 2018,14:00,23:40,,
Campisábalos,Guadalajara, , ,, ,36,3.2,0.0,0.0,0.0,3.2,31 oct 2018,,,,02:50
Guadalajara,Guadalajara,10.2,6.0,8.1,25,15,5.4,1.4,2.8,0.4,0.8,31 oct 2018,16:50,09:00,14:50,14:50
Brihuega,Guadalajara,7.2,4.6,5.9, , ,10.0,1.6,3.4,3.4,1.6,31 oct 2018,13:30,08:40,,
El Pedregal,Guadalajara, , ,, , ,,2.6,3.2,,,31 oct 2018,,,,
Aroche,Huelva,11.4,4.2,7.8,21,13,8.8,0.0,0.2,8.6,0.0,31 oct 2018,12:30,03:40,13:50,12:40
El Granado,Huelva,12.1,8.6,10.4, , ,18.2,0.0,3.0,14.4,0.8,31 oct 2018,16:40,04:20,,
Ayamonte,Huelva,13.1,8.2,10.7,37,20,16.7,0.0,4.0,12.1,0.6,31 oct 2018,17:00,02:40,16:50,16:40
Cartaya,Huelva,12.6,8.2,10.4,35,19,20.6,0.0,0.8,19.4,0.4,31 oct 2018,11:10,01:40,14:30,14:30
Alajar,Huelva,8.1,5.6,6.9,29,14,12.8,0.0,0.2,11.8,0.8,31 oct 2018,17:20,00:00,04:40,04:40
Valverde del Camino,Huelva,10.7,4.6,7.6, , ,8.0,0.0,0.2,7.6,0.2,31 oct 2018,12:40,07:00,,
El Cerro de Andévalo,Huelva,10.0,5.5,7.8, , ,8.4,0.0,0.4,8.0,0.0,31 oct 2018,12:40,06:30,,
"Alosno, Tharsis",Huelva,10.0,6.6,8.3,36,22,13.0,0.0,0.6,11.8,0.6,31 oct 2018,12:10,02:50,14:40,15:00
El Campillo,Huelva,9.2,4.5,6.8,23,14,9.8,0.0,0.6,9.0,0.2,31 oct 2018,12:40,07:00,18:20,12:10
Villarrasa,Huelva,11.6,4.3,8.0,23,13,11.2,0.0,0.2,10.8,0.2,31 oct 2018,13:30,04:50,14:00,17:20
"Huelva, Ronda Este",Huelva,12.8,8.5,10.7,31,18,16.2,0.0,0.4,15.0,0.8,31 oct 2018,12:30,02:10,17:00,03:20
Cala,Huelva,9.7,5.9,7.8,34,17,6.0,0.0,0.0,4.6,1.4,31 oct 2018,12:30,00:40,06:20,05:40
Almonte,Huelva,13.5,8.0,10.8,33,20,20.8,0.0,0.0,20.4,0.4,31 oct 2018,12:40,07:00,18:10,18:30
"Moguer, El Arenosillo",Huelva,14.2,10.5,12.3,35,18,26.9,0.0,0.3,25.3,1.3,31 oct 2018,11:40,23:59,17:40,12:30
Canfranc,Huesca,5.9,1.0,3.5,14,3,12.2,3.0,5.6,3.4,0.2,31 oct 2018,12:30,23:50,20:50,20:50
Jaca,Huesca,8.4,3.1,5.7,40,17,18.7,8.2,4.3,3.6,2.6,31 oct 2018,12:30,23:50,14:00,14:00
"Valle de Hecho, Hecho",Huesca,8.5,2.6,5.5,34,17,11.2,3.2,6.2,1.8,0.0,31 oct 2018,13:20,23:30,00:10,14:20
Aragüés del Puerto,Huesca,8.0,2.5,5.3,38,20,11.2,4.6,3.8,2.2,0.6,31 oct 2018,12:40,22:10,14:50,14:40
Bailo,Huesca,8.3,5.5,6.9,44,31,16.4,6.2,5.8,4.2,0.2,31 oct 2018,13:40,21:10,14:20,14:20
Biescas,Huesca,6.2,1.9,4.0,36,14,15.2,5.0,4.6,5.0,0.6,31 oct 2018,13:30,23:59,14:10,14:20
Sabiñánigo,Huesca,9.4,4.6,7.0,29,15,15.8,4.4,1.6,5.8,4.0,31 oct 2018,13:00,21:40,13:50,13:50
Almudévar,Huesca,10.8,7.2,9.0,41,24,24.0,8.6,5.4,8.6,1.4,31 oct 2018,15:10,23:10,16:40,11:10
Sopeira,Huesca,9.2,4.8,7.0,45,27,26.2,7.4,10.8,2.0,6.0,31 oct 2018,14:10,23:59,13:00,11:20
Benabarre,Huesca,8.3,5.1,6.7,47,32,33.2,13.4,13.2,5.8,0.8,31 oct 2018,16:00,23:59,06:00,06:50
Bielsa,Huesca,7.1,2.4,4.8,31,15,23.0,6.4,5.0,6.8,4.8,31 oct 2018,13:00,23:40,04:30,04:20
Ainsa,Huesca,9.3,5.6,7.5,44,19,27.2,10.6,11.6,5.0,0.0,31 oct 2018,16:10,00:00,18:30,18:40
Torla - Depósito,Huesca,6.7,2.2,4.4,30,14,25.0,7.0,10.4,6.6,1.0,31 oct 2018,16:00,23:59,19:20,19:20
Benasque,Huesca,7.6,0.1,3.8,34,22,26.8,8.2,10.4,2.4,5.8,31 oct 2018,15:50,23:00,18:50,14:40
Seira,Huesca,7.3,3.3,5.3,42,18,42.4,12.4,17.4,6.8,5.8,31 oct 2018,15:40,23:10,18:20,18:20
Capella,Huesca,9.7,5.8,7.8,32,18,35.2,11.8,16.2,5.6,1.6,31 oct 2018,16:10,23:50,09:40,09:40
Barbastro,Huesca,13.5,7.7,10.6,29,13,26.8,11.0,5.0,8.2,2.6,31 oct 2018,15:40,22:30,18:00,18:00
"Sariñena, Depósito agua",Huesca,12.4,7.8,10.1,47,27,19.4,8.2,5.2,3.8,2.2,31 oct 2018,13:40,23:10,07:50,07:50
Huesca Aeropuerto,Huesca,10.0,6.0,8.0,41,25,24.4,8.4,6.6,4.0,5.4,31 oct 2018,17:20,22:10,08:20,07:50
Huesca,Huesca,11.0,7.3,9.2, , ,18.4,3.6,6.4,5.4,3.0,31 oct 2018,16:40,19:40,,
Lanaja,Huesca,10.7,6.8,8.8,36,21,25.4,10.6,8.4,5.8,0.6,31 oct 2018,13:40,23:59,08:30,08:50
Ballobar,Huesca,14.2,6.9,10.5,44,27,20.8,8.0,8.4,1.4,3.0,31 oct 2018,15:10,23:59,17:00,17:00
Tamarite de Litera,Huesca,14.3,8.2,11.3,46,27,15.0,3.6,7.2,4.2,0.0,31 oct 2018,16:30,20:20,08:50,08:50
Fraga,Huesca,14.4,7.5,10.9,45,34,24.6,8.0,8.8,7.2,0.6,31 oct 2018,16:00,20:50,06:50,06:50
"Escorca, Lluc",Illes Balears,13.3,7.4,10.4,59,15,20.7,5.2,10.1,3.5,1.9,31 oct 2018,02:20,18:00,07:00,12:00
Banyalbufar,Illes Balears,18.0,10.6,14.3,78,32,50.8,6.2,12.0,24.4,8.2,31 oct 2018,01:30,15:20,09:00,09:30
Andratx,Illes Balears,18.4,11.0,14.7,54,17,18.1,1.2,3.1,5.6,8.2,31 oct 2018,00:30,21:10,08:00,05:30
"Calvià, Es Capdellà",Illes Balears,18.3,11.1,14.7,58,29,20.2,0.8,4.8,9.0,5.6,31 oct 2018,00:50,18:00,16:00,08:10
"Palma, Puerto",Illes Balears,19.9,11.7,15.8,66,33,16.4,1.5,6.1,7.2,1.6,31 oct 2018,01:00,17:20,06:30,05:30
"Palma, Universitat",Illes Balears,17.1,9.2,13.2,68,29,22.4,2.4,8.2,9.4,2.4,31 oct 2018,02:00,21:00,08:20,06:40
"Sierra de Alfabia, Bunyola",Illes Balears,9.1,2.6,5.9,96,54,25.7,3.9,10.2,8.9,2.7,31 oct 2018,02:00,17:50,05:40,05:40
"Palma de Mallorca, Aeropuerto",Illes Balears,19.2,10.9,15.1,82,55,4.3,0.1,2.3,1.8,0.1,31 oct 2018,02:00,17:30,06:40,06:40
"Llucmajor, Cap Blanc",Illes Balears,18.7,12.1,15.4,69,46,4.4,0.4,2.4,0.4,1.2,31 oct 2018,01:50,23:00,04:10,04:10
Llucmajor,Illes Balears,17.2,11.5,14.4, , ,5.4,1.2,3.6,0.0,0.6,31 oct 2018,01:40,23:40,,
Porreres,Illes Balears,17.7,11.9,14.8,48,24,17.8,7.3,9.5,0.9,0.1,31 oct 2018,01:50,21:10,04:30,11:20
"Campos, Can Sion",Illes Balears,19.0,11.1,15.1,58,25,18.4,2.8,13.0,2.0,0.6,31 oct 2018,02:30,19:10,06:50,11:00
"Campos, Salines Llevant",Illes Balears,19.6,13.8,16.7,69,36,18.8,3.0,14.2,0.8,0.8,31 oct 2018,01:40,12:10,07:40,07:50
Santanyí,Illes Balears,19.5,12.4,15.9,66,34,11.7,1.1,8.5,1.0,1.1,31 oct 2018,01:20,23:59,04:50,04:50
Son Servera,Illes Balears,19.5,12.1,15.8,68,36,10.6,1.8,8.2,0.2,0.4,31 oct 2018,02:40,20:50,07:50,06:00
Artà,Illes Balears,17.8,11.3,14.5, , ,10.2,1.6,8.2,0.0,0.4,31 oct 2018,02:50,22:00,,
Capdepera,Illes Balears,19.8,12.4,16.1,101,72,10.5,0.6,7.0,1.2,1.7,31 oct 2018,02:00,20:30,08:30,00:20
Artà-Colònia de Sant Pere,Illes Balears,18.4,12.3,15.3, , ,14.0,0.8,12.8,0.2,0.2,31 oct 2018,02:00,07:40,,
"Muro, S'Albufera",Illes Balears, , ,, , ,,2.0,4.0,,,31 oct 2018,,,,
Manacor,Illes Balears,18.5,12.5,15.5,55,30,14.8,2.2,11.8,0.6,0.2,31 oct 2018,02:20,19:00,07:10,11:30
Sineu,Illes Balears,17.6,10.5,14.1,50,26,22.6,4.0,18.2,0.2,0.2,31 oct 2018,02:30,19:10,04:40,04:40
Santa María del Camí,Illes Balears,18.1,9.1,13.6,83,33,10.4,0.6,5.0,2.6,2.2,31 oct 2018,02:10,20:10,06:40,16:20
Binissalem,Illes Balears,17.2,9.2,13.2,104,38,9.4,2.2,4.6,1.8,0.8,31 oct 2018,02:30,21:40,02:40,12:10
"Escorca, Son Torrella",Illes Balears,11.3,5.1,8.2, , ,33.4,6.8,16.6,7.8,2.2,31 oct 2018,02:10,17:40,,
Sa Pobla,Illes Balears,17.3,8.9,13.1,54,26,19.6,2.6,16.8,0.0,0.2,31 oct 2018,11:20,23:20,07:10,12:00
Pollença,Illes Balears,18.0,9.3,13.7,65,23,7.8,0.0,7.4,0.2,0.2,31 oct 2018,11:10,21:50,11:40,11:50
Port de Pollença,Illes Balears,17.8,10.6,14.2,58,43,10.4,2.2,8.0,0.2,0.0,31 oct 2018,11:40,23:50,07:20,07:20
"La Mola, Maó/Mahón",Illes Balears, , ,, , ,,,,,,31 oct 2018,,,,
Es Mercadal,Illes Balears,18.2,11.2,14.7,73,46,6.0,0.0,0.4,1.8,3.8,31 oct 2018,05:00,18:40,18:40,09:00
Ciutadella,Illes Balears,18.5,12.0,15.3, , ,22.6,0.0,9.8,3.6,9.2,31 oct 2018,01:50,21:00,,
"Ciutadella, Cala Galdana",Illes Balears,19.6,11.6,15.6,66,23,7.4,0.0,1.8,1.2,4.4,31 oct 2018,02:50,21:00,08:40,08:40
"Menorca, Aeropuerto",Illes Balears,18.9,12.3,15.6,72,43,9.2,0.0,0.1,6.4,2.7,31 oct 2018,14:40,21:40,09:10,18:30
Sant Joan de Labritja,Illes Balears,16.6,9.2,12.9, , ,9.2,7.8,0.8,0.2,0.4,31 oct 2018,14:30,23:59,,
Sant Antoni de Portmany,Illes Balears,17.7,12.2,15.0,59,21,10.0,9.4,0.2,0.4,0.0,31 oct 2018,14:40,23:59,04:20,04:20
"Ibiza, Aeropuerto",Illes Balears,17.6,12.6,15.1,72,47,5.0,4.3,0.6,0.0,0.1,31 oct 2018,04:00,23:59,01:20,01:50
Eivissa,Illes Balears,18.1,12.9,15.5,69,34,12.4,11.2,1.0,0.0,0.2,31 oct 2018,01:30,05:00,01:30,01:30
Formentera,Illes Balears,18.4,11.7,15.0,69,38,10.7,2.7,5.0,0.8,2.2,31 oct 2018,01:10,23:10,04:40,04:40
Cazorla,Jaén,8.4,4.6,6.5, , ,5.2,1.0,4.0,0.2,0.0,31 oct 2018,15:20,05:30,,
Baeza,Jaén,7.9,4.1,6.0,39,17,6.4,2.4,3.4,0.4,0.2,31 oct 2018,16:00,07:00,11:40,07:00
Torres,Jaén,7.9,3.2,5.6, , ,5.0,3.2,1.8,0.0,0.0,31 oct 2018,13:50,09:20,,
Arroyo del Ojanco,Jaén,10.0,5.4,7.7,42,23,5.0,3.5,1.5,0.0,0.0,31 oct 2018,15:50,08:20,09:50,05:00
Villarrodrigo,Jaén,6.7,3.3,5.0, , ,,,,,,31 oct 2018,17:00,08:40,,
Villanueva del Arzobispo,Jaén,9.2,4.6,6.9,34,18,7.6,4.0,3.4,0.2,0.0,31 oct 2018,15:00,08:50,12:20,12:00
Santa Elena,Jaén,7.3,4.1,5.7,36,18,12.4,4.8,7.2,0.4,0.0,31 oct 2018,15:50,07:50,10:40,12:40
Jaén,Jaén,12.0,5.8,8.9,43,24,2.6,0.6,2.0,0.0,0.0,31 oct 2018,14:20,09:00,10:40,10:00
Linares,Jaén,9.3,5.7,7.5,32,10,4.0,0.2,3.2,0.6,0.0,31 oct 2018,15:30,07:30,02:00,02:00
Bailén,Jaén,10.7,6.8,8.8,23,6,,,,,,31 oct 2018,15:00,07:40,03:20,21:40
Andújar,Jaén,12.7,7.4,10.0,34,21,2.7,0.0,2.3,0.4,0.0,31 oct 2018,12:30,08:00,12:40,12:40
Alcalá La Real,Jaén,7.5,3.4,5.5,25,13,5.4,0.6,2.4,0.8,1.6,31 oct 2018,15:50,07:30,01:50,00:10
"Valdezcaray, estación de esquí",La Rioja,2.3,-0.7,0.8,36,27,26.8,0.0,1.2,10.0,15.6,31 oct 2018,01:00,23:10,01:20,01:00
Haro,La Rioja,10.8,6.9,8.9, , ,11.0,0.2,1.6,2.8,6.4,31 oct 2018,12:30,05:20,,
Anguiano,La Rioja,5.8,3.0,4.4, , ,18.0,0.2,0.6,5.6,11.6,31 oct 2018,15:20,23:00,,
Nájera,La Rioja,9.7,6.2,7.9,25,14,15.8,0.4,1.6,4.8,9.0,31 oct 2018,13:10,07:50,00:30,00:30
Cenicero,La Rioja,10.3,7.5,8.9,35,18,18.6,0.4,2.2,2.6,13.4,31 oct 2018,12:40,04:00,00:40,01:10
Logroño Aeropuerto,La Rioja,10.9,7.9,9.4,32,24,23.3,1.8,3.8,6.6,11.1,31 oct 2018,13:10,03:30,00:20,00:20
Enciso,La Rioja,7.1,4.3,5.7,23,15,16.6,1.8,3.2,5.4,6.2,31 oct 2018,11:10,23:40,01:00,01:00
Alfaro,La Rioja,10.3,8.0,9.2,32,20,21.2,5.4,3.6,8.6,3.6,31 oct 2018,12:30,00:20,20:50,20:50
Tías,Las Palmas,20.2,14.6,17.4,45,34,0.0,0.0,0.0,0.0,0.0,31 oct 2018,14:40,07:20,00:30,00:30
Yaiza Playa Blanca,Las Palmas,22.5,17.6,20.1,32,18,0.0,0.0,0.0,0.0,0.0,31 oct 2018,11:40,06:50,10:50,11:20
Lanzarote Aeropuerto,Las Palmas, , ,, , ,,0.0,,0.0,0.0,31 oct 2018,,,,
Haría,Las Palmas,20.5,16.1,18.3,42,26,0.0,0.0,0.0,0.0,0.0,31 oct 2018,12:00,06:50,13:50,09:20
Tinajo,Las Palmas,20.1,16.3,18.2,37,25,0.0,0.0,0.0,0.0,0.0,31 oct 2018,14:20,07:00,10:00,10:50
Pájara,Las Palmas, , ,, , ,,,,,,31 oct 2018,,,,
"Tuineje,Puerto Gran Tarajal",Las Palmas,25.2,16.6,20.9,34,19,0.0,0.0,0.0,0.0,0.0,31 oct 2018,13:40,06:20,17:00,17:10
Antigua,Las Palmas,21.0,14.5,17.8,35,25,0.0,0.0,0.0,0.0,0.0,31 oct 2018,13:20,07:30,13:40,17:00
Fuerteventura Aeropuerto,Las Palmas,24.3,18.1,21.2,37,25,0.0,0.0,0.0,0.0,0.0,31 oct 2018,13:40,04:40,14:00,10:00
La Oliva,Las Palmas,21.9,15.2,18.5,30,17,0.0,0.0,0.0,0.0,0.0,31 oct 2018,13:20,04:40,16:10,14:40
"La Oliva, Puerto de Corralejo",Las Palmas, , ,, , ,,0.0,,0.0,0.0,31 oct 2018,,,,
Vega de San Mateo,Las Palmas,12.6,5.4,9.0,26,15,0.8,0.8,0.0,0.0,0.0,31 oct 2018,13:00,04:40,09:50,15:30
"Tejeda, Cruz de Tejeda",Las Palmas,14.2,7.2,10.7,37,17,1.4,1.4,0.0,0.0,0.0,31 oct 2018,13:00,05:00,06:10,14:20
Tejeda,Las Palmas,19.1,11.9,15.5,33,18,0.9,0.8,0.0,0.1,0.0,31 oct 2018,15:00,08:10,06:00,10:50
Agaete,Las Palmas,23.7,19.7,21.7,27,20,0.0,0.0,0.0,0.0,0.0,31 oct 2018,15:30,04:50,11:20,14:50
La Aldea de San Nicolás,Las Palmas,26.7,19.9,23.3,43,22,0.0,0.0,0.0,0.0,0.0,31 oct 2018,15:40,07:50,04:00,11:30
"San Bartolome Tirajana, Cuevas del Pinar",Las Palmas,16.3,9.6,12.9,27,17,0.0,0.0,0.0,0.0,0.0,31 oct 2018,15:40,08:00,13:50,14:20
"San Bartolome Tirajana, Lomo Pedro Alfonso",Las Palmas,20.3,13.1,16.7,32,16,0.0,0.0,0.0,0.0,0.0,31 oct 2018,15:40,05:00,15:40,05:10
"La Aldea de San Nicolás, Tasarte",Las Palmas,24.1,16.9,20.5,36,23,0.0,0.0,0.0,0.0,0.0,31 oct 2018,14:50,08:20,11:40,13:10
"Mogán, Puerto Rico",Las Palmas,25.5,19.3,22.4,24,19,0.0,0.0,0.0,0.0,0.0,31 oct 2018,09:10,05:50,19:40,11:30
"San Bartolome Tirajana, Las Tirajanas",Las Palmas,20.2,10.2,15.2,22,9,0.0,0.0,0.0,0.0,0.0,31 oct 2018,13:50,05:30,15:20,12:30
"Maspalomas, C. Insular Turismo",Las Palmas,24.1,18.1,21.1,31,17,0.0,0.0,0.0,0.0,0.0,31 oct 2018,17:00,06:50,13:40,11:50
"San Bartolome Tirajana, El Matorral",Las Palmas,24.4,17.1,20.8,41,26,0.0,0.0,0.0,0.0,0.0,31 oct 2018,14:50,05:10,11:30,11:40
Agüimes,Las Palmas,23.2,16.3,19.8,47,29,0.6,0.6,0.0,0.0,0.0,31 oct 2018,14:50,04:40,12:00,12:00
"Telde, Centro Forestal Doramas",Las Palmas,21.6,16.6,19.1,35,22,0.4,0.4,0.0,0.0,0.0,31 oct 2018,14:30,05:40,15:00,15:00
Gran Canaria Aeropuerto,Las Palmas,24.0,18.7,21.4,52,39,0.2,0.2,0.0,0.0,0.0,31 oct 2018,14:50,01:20,15:00,15:00
"Telde, Melenara",Las Palmas,23.7,18.9,21.3,37,21,0.8,0.8,0.0,0.0,0.0,31 oct 2018,14:40,01:00,15:00,13:50
Teror,Las Palmas,18.7,13.4,16.1,28,14,1.8,1.8,0.0,0.0,0.0,31 oct 2018,13:50,07:20,00:40,14:50
"Las Palmas de Gran Canaria, Tafira",Las Palmas,20.4,17.0,18.7,30,19,4.2,4.2,0.0,0.0,0.0,31 oct 2018,13:50,00:30,00:10,14:40
"Las Palmas de Gran Canaria, San Cristobal",Las Palmas,23.4,17.8,20.6,40,22,2.8,2.8,0.0,0.0,0.0,31 oct 2018,13:20,00:10,15:10,14:40
"Las Palmas de Gran Canaria, Pl. de la Feria",Las Palmas,23.9,19.2,21.6,24,13,1.0,1.0,0.0,0.0,0.0,31 oct 2018,14:50,00:10,14:50,14:30
Valleseco,Las Palmas,17.4,11.5,14.4,32,19,2.0,1.8,0.2,0.0,0.0,31 oct 2018,14:10,07:30,01:50,14:50
Agaete - Suerte Alta,Las Palmas,21.0,16.4,18.7,29,18,0.0,0.0,0.0,0.0,0.0,31 oct 2018,14:00,00:00,06:00,08:10
Arucas,Las Palmas,23.2,18.6,20.9,24,13,0.6,0.6,0.0,0.0,0.0,31 oct 2018,13:40,00:40,06:50,00:10
Maspalomas,Las Palmas,24.7,17.6,21.2,37,25,0.0,0.0,0.0,0.0,0.0,31 oct 2018,12:40,06:40,13:20,13:40
Teguise,Las Palmas,23.5,17.0,20.3,34,26,0.0,0.0,0.0,0.0,0.0,31 oct 2018,14:10,07:10,09:30,09:30
"Posada de Valdeón, Soto",León,6.6,0.6,3.6, , ,0.2,0.0,0.0,0.0,0.2,31 oct 2018,12:40,00:50,,
Villablino,León,15.7,0.2,7.9,18,9,0.4,0.2,0.2,0.0,0.0,31 oct 2018,14:40,01:50,16:20,16:50
Ponferrada,León,14.1,4.0,9.1,14,7,0.4,0.2,0.2,0.0,0.0,31 oct 2018,16:20,23:50,14:40,13:10
Vega de Espinareda,León,13.1,1.7,7.4, , ,0.4,0.4,0.0,0.0,0.0,31 oct 2018,16:10,23:40,,
Riaño,León,8.7,2.0,5.3,27,21,0.4,0.2,0.0,0.2,0.0,31 oct 2018,12:40,07:20,20:30,17:40
Cubillas de Rueda,León,9.2,-0.5,4.3,20,10,1.2,1.0,0.0,0.2,0.0,31 oct 2018,12:30,23:59,16:20,16:20
"León, Virgen del Camino",León,11.0,1.9,6.4,21,13,0.1,0.1,0.0,0.0,0.0,31 oct 2018,13:20,23:59,05:40,05:40
Valencia de Don Juan,León,10.4,3.0,6.7,24,15,0.8,0.6,0.0,0.0,0.2,31 oct 2018,16:50,22:50,01:40,00:30
"Barrios de Luna, Miñera",León,12.3,-0.4,6.0,22,14,0.2,0.2,0.0,0.0,0.0,31 oct 2018,14:50,08:20,16:10,16:30
"Quintana del Castillo, Villameca",León,9.6,1.8,5.7,36,21,0.2,0.2,0.0,0.0,0.0,31 oct 2018,15:20,23:30,16:10,16:00
Astorga,León,13.2,1.7,7.4,32,21,0.2,0.2,0.0,0.0,0.0,31 oct 2018,12:40,07:50,17:20,17:20
Lagunas de Somoza,León,11.0,2.4,6.7,31,19,0.1,0.1,0.0,0.0,0.0,31 oct 2018,14:50,03:50,16:30,17:00
Bustillo del Páramo,León,12.1,1.5,6.8,28,17,0.2,0.2,0.0,0.0,0.0,31 oct 2018,16:30,23:59,17:40,17:20
Martinet,Lleida,6.2,1.6,3.9,33,15,41.0,11.4,17.8,10.8,1.0,31 oct 2018,14:10,23:59,05:40,05:50
La Seu d'Urgell,Lleida,8.6,5.2,6.9, , ,28.3,8.9,11.4,4.7,3.3,31 oct 2018,15:00,05:30,,
Tuixent,Lleida,5.4,1.0,3.2,34,18,76.6,27.8,29.4,12.0,7.4,31 oct 2018,06:20,22:20,05:30,05:30
Coll de Nargó,Lleida,9.9,5.4,7.6,23,13,36.2,13.4,13.8,3.2,5.8,31 oct 2018,15:40,00:40,17:30,14:30
Torà,Lleida,13.4,7.5,10.4, , ,15.6,3.6,4.4,1.4,6.2,31 oct 2018,13:50,22:20,,
Artesa de Segre,Lleida,13.5,7.4,10.5, , ,10.0,2.8,6.2,0.4,0.6,31 oct 2018,14:20,23:59,,
Esterri d'Àneu,Lleida,7.6,3.5,5.5,32,19,13.0,3.8,5.6,3.6,0.0,31 oct 2018,15:40,23:59,15:10,15:00
Torre de Cabdella,Lleida,5.8,1.4,3.6, , ,32.2,8.8,14.4,4.8,4.2,31 oct 2018,14:40,22:20,,
Talarn,Lleida,8.5,4.2,6.3,40,20,35.2,8.8,14.2,3.4,8.8,31 oct 2018,14:50,23:30,10:00,10:20
Llimiana,Lleida,10.6,6.5,8.6,40,20,41.2,12.0,15.8,6.0,7.4,31 oct 2018,12:20,23:50,13:10,13:20
Granyanella,Lleida,13.4,7.6,10.5, , ,10.6,2.0,6.4,0.6,1.6,31 oct 2018,13:30,23:50,,
Tàrrega,Lleida,13.8,7.4,10.6,44,18,8.4,1.3,5.9,0.0,1.2,31 oct 2018,13:20,23:40,14:00,07:30
Os de Balaguer,Lleida,11.6,6.1,8.9,52,26,39.8,14.4,14.6,10.8,0.0,31 oct 2018,14:40,12:40,08:30,08:00
Mollerussa,Lleida,14.2,8.4,11.3,37,21,13.0,3.4,8.8,0.8,0.0,31 oct 2018,14:40,21:30,07:00,07:00
Vall de Boí,Lleida,7.1,2.4,4.8,46,19,21.2,4.0,11.6,2.4,3.2,31 oct 2018,14:20,23:20,14:40,14:50
Lleida,Lleida,15.1,9.2,12.2,36,20,12.4,5.2,7.2,0.0,0.0,31 oct 2018,16:00,21:10,05:30,11:40
La Pobla de Cérvoles,Lleida,10.4,7.7,9.0, , ,22.4,8.6,6.0,7.6,0.2,31 oct 2018,13:30,23:00,,
El Soleràs,Lleida,13.0,6.8,9.9, , ,16.8,6.8,10.0,0.0,0.0,31 oct 2018,13:10,23:40,,
"Naut Aran, Arties",Lleida,9.4,0.3,4.8,37,19,6.4,0.6,3.2,0.5,2.1,31 oct 2018,14:10,23:40,13:50,14:00
Cervantes,Lugo,10.0,2.7,6.4,16,10,1.2,0.4,0.8,0.0,0.0,31 oct 2018,13:20,02:50,12:30,12:40
Ribadeo,Lugo,15.3,9.6,12.5,41,27,0.0,0.0,0.0,0.0,0.0,31 oct 2018,12:50,08:40,02:00,01:40
Mondoñedo,Lugo,14.4,7.2,10.8, , ,0.4,0.0,0.0,0.4,0.0,31 oct 2018,14:40,09:10,,
Burela,Lugo,14.8,8.7,11.8, , ,1.0,0.2,0.0,0.0,0.8,31 oct 2018,13:00,08:40,,
Lugo Aeropuerto,Lugo,13.7,5.9,9.8,21,10,1.6,1.6,0.0,0.0,0.0,31 oct 2018,14:10,08:20,10:30,10:30
Lugo,Lugo,12.7,5.3,9.0,18,7,3.4,3.4,0.0,0.0,0.0,31 oct 2018,15:30,08:20,15:50,15:50
O Páramo,Lugo,14.1,4.5,9.3, , ,0.6,0.6,0.0,0.0,0.0,31 oct 2018,13:30,09:10,,
Becerreá,Lugo,6.8,2.2,4.5,29,16,5.2,3.8,1.4,0.0,0.0,31 oct 2018,14:20,08:40,07:10,07:10
O Saviñao,Lugo,12.5,5.3,8.9, ,10,0.0,0.0,0.0,0.0,0.0,31 oct 2018,15:20,08:20,,09:50
Folgoso do Courel,Lugo, , ,, , ,,,,0.0,0.0,31 oct 2018,,,,
Monforte de Lemos,Lugo,16.0,5.4,10.7,12,5,0.2,0.2,0.0,0.0,0.0,31 oct 2018,14:30,23:00,16:50,17:00
Puerto de Navacerrada,Madrid,0.2,-1.7,-0.8,32,19,12.4,5.8,4.6,0.4,1.6,31 oct 2018,13:50,05:30,22:40,08:30
Aranjuez,Madrid, , ,, , ,,,,,,31 oct 2018,,,,
Rascafría,Madrid,9.6,1.1,5.4,33,13,3.8,3.2,0.2,0.4,0.0,31 oct 2018,14:30,06:20,15:00,12:50
Buitrago del Lozoya,Madrid,7.9,3.1,5.5,34,18,3.4,3.3,0.1,0.0,0.0,31 oct 2018,15:50,06:30,14:50,15:20
"Madrid, El Goloso",Madrid,11.2,4.3,7.8,24,9,4.0,3.2,0.8,0.0,0.0,31 oct 2018,15:20,23:00,15:20,15:20
Madrid Aeropuerto,Madrid,12.9,5.3,9.1,46,27,5.0,3.0,1.9,0.1,0.0,31 oct 2018,15:20,23:59,16:50,17:30
Alcala de Henares,Madrid,10.9,5.5,8.2,27,17,8.6,6.8,1.6,0.0,0.2,31 oct 2018,16:00,23:59,14:50,13:50
Arganda del Rey,Madrid,12.3,6.0,9.2,37,25,1.6,1.2,0.4,0.0,0.0,31 oct 2018,15:30,23:20,16:30,17:40
Colmenar Viejo,Madrid,10.8,3.3,7.1,39,11,2.1,1.9,0.1,0.1,0.0,31 oct 2018,15:30,05:10,12:50,15:10
"Madrid, Ciudad Universitaria",Madrid,13.3,4.2,8.8,35,16,2.7,1.7,1.0,0.0,0.0,31 oct 2018,15:40,23:59,14:50,14:50
Pozuelo de Alarcón,Madrid,12.7,3.5,8.1, , ,4.6,3.6,1.0,0.0,0.0,31 oct 2018,15:10,23:59,,
"Madrid, Retiro",Madrid,11.4,5.9,8.6,37,16,3.5,3.0,0.5,0.0,0.0,31 oct 2018,15:50,23:59,17:50,17:40
Tielmes,Madrid,11.2,5.5,8.3, , ,4.0,3.2,0.8,0.0,0.0,31 oct 2018,15:30,23:59,,
Puerto Alto del León,Madrid,1.2,-1.2,0.0, , ,6.8,3.0,3.0,0.0,0.8,31 oct 2018,21:10,04:20,,
Alpedrete,Madrid,9.7,4.0,6.8,43,25,6.0,5.8,0.2,0.0,0.0,31 oct 2018,15:10,03:50,11:50,11:50
Torrelodones,Madrid,11.2,4.4,7.8,45,22,4.3,4.3,0.0,0.0,0.0,31 oct 2018,13:50,04:20,09:20,16:20
Rozas de Puerto Real,Madrid,7.3,3.2,5.3, , ,,3.6,,0.0,0.6,31 oct 2018,14:30,23:59,,
Robledo de Chavela,Madrid, , ,, , ,,,,,,31 oct 2018,,,,
Valdemorillo,Madrid,11.1,4.9,8.0,37,18,6.4,6.2,0.2,0.0,0.0,31 oct 2018,14:00,06:10,14:40,13:10
Villanueva de la Cañada,Madrid,13.5,5.9,9.7,37,26,6.3,6.2,0.1,0.0,0.0,31 oct 2018,15:40,23:59,13:10,12:50
Ronda Instituto,Málaga,9.0,4.8,6.9,28,13,23.8,0.0,0.0,7.2,16.6,31 oct 2018,11:00,06:40,13:40,19:50
Cortes de la Frontera,Málaga,13.1,7.1,10.1,19,5,31.4,0.0,0.0,14.6,16.8,31 oct 2018,11:20,07:30,21:00,21:00
Alpandeire,Málaga,9.7,6.5,8.1,40,21,29.4,0.0,0.0,11.6,17.8,31 oct 2018,12:50,06:50,18:20,17:50
Gaucín,Málaga,9.7,5.8,7.8,28,13,25.4,0.0,0.0,14.0,11.4,31 oct 2018,11:20,04:40,00:40,19:30
Manilva,Málaga,13.6,9.1,11.4,37,22,33.4,0.0,0.0,12.6,20.8,31 oct 2018,11:30,08:10,03:10,00:10
Estepona,Málaga,15.9,11.0,13.4,40,18,31.8,0.0,0.0,13.0,18.8,31 oct 2018,11:30,02:30,06:50,06:50
Benahavis,Málaga,12.6,7.7,10.2,44,21,25.4,0.0,0.0,9.8,15.6,31 oct 2018,11:40,04:50,21:20,21:20
"Marbella, Puerto",Málaga,15.8,11.5,13.7,55,34,23.8,0.2,0.0,9.8,13.8,31 oct 2018,12:50,18:20,11:10,11:00
Marbella,Málaga, , ,, , ,25.8,0.0,0.0,7.8,18.0,31 oct 2018,,,,
Fuengirola,Málaga, , ,,48,35,26.3,0.0,0.1,4.6,21.6,31 oct 2018,,,20:50,20:40
Torremolinos,Málaga,15.6,9.7,12.7,31,13,31.6,0.0,0.0,5.0,26.6,31 oct 2018,12:00,07:40,01:10,00:50
Antequera,Málaga,12.7,5.5,9.1,30,13,18.7,0.0,0.0,2.2,16.5,31 oct 2018,13:30,05:40,11:50,11:50
Coín,Málaga,16.0,6.3,11.2, , ,31.0,0.0,0.2,5.2,25.6,31 oct 2018,12:20,07:30,,
Málaga Aeropuerto,Málaga,15.9,7.7,11.8,42,29,31.6,0.0,0.0,5.4,26.2,31 oct 2018,12:00,07:00,19:40,19:40
"Málaga, Centro Meteorológico",Málaga,18.2,9.6,13.9,27,17,25.9,0.0,0.0,4.2,21.7,31 oct 2018,12:20,07:30,19:40,19:40
"Málaga, Puerto",Málaga,16.9,11.0,13.9,36,21,25.9,0.0,0.0,2.3,23.6,31 oct 2018,10:20,06:50,01:30,19:40
Rincon de la Victoria,Málaga,18.5,11.0,14.8, , ,23.8,0.0,0.0,1.8,22.0,31 oct 2018,13:30,20:50,,
Vélez-Málaga,Málaga,18.3,7.6,12.9, , ,14.0,0.0,0.0,0.6,13.4,31 oct 2018,11:40,06:00,,
Algarrobo,Málaga,16.6,8.0,12.3,28,17,15.0,0.0,0.0,0.8,14.2,31 oct 2018,14:10,04:50,12:50,12:50
Nerja,Málaga,15.2,9.7,12.4,30,14,12.2,0.0,0.0,0.8,11.4,31 oct 2018,14:20,05:50,10:20,01:20
Fuente de Piedra,Málaga,12.5,6.8,9.7,36,23,21.4,0.0,0.0,1.4,20.0,31 oct 2018,13:50,08:10,11:50,00:10
Melilla,Melilla,18.4,11.2,14.8,45,29,5.0,0.0,2.0,0.0,3.0,31 oct 2018,12:40,08:40,23:30,23:30
Águilas,Murcia,20.0,10.2,15.1,34,20,1.6,1.6,0.0,0.0,0.0,31 oct 2018,16:00,04:40,17:20,06:30
Mazarrón,Murcia,19.7,9.7,14.7,56,32,2.4,2.4,0.0,0.0,0.0,31 oct 2018,14:30,06:10,01:10,01:10
Cartagena,Murcia,17.8,7.8,12.8,53,24,2.6,2.6,0.0,0.0,0.0,31 oct 2018,15:30,07:40,01:10,01:10
Fuente Álamo de Murcia,Murcia,17.6,7.9,12.8, , ,1.6,1.6,0.0,0.0,0.0,31 oct 2018,16:00,08:00,,
Torre-Pacheco,Murcia,18.5,8.0,13.3,36,15,6.6,6.6,0.0,0.0,0.0,31 oct 2018,14:50,07:10,02:40,02:50
San Javier Aeropuerto,Murcia,19.3,8.9,14.1,52,33,1.8,1.3,0.0,0.0,0.5,31 oct 2018,15:00,06:40,01:50,13:50
Moratalla,Murcia,9.9,3.2,6.5, , ,,,,0.0,0.0,31 oct 2018,15:30,22:50,,
Caravaca de La Cruz,Murcia,14.1,4.4,9.3,42,23,3.2,3.0,0.2,0.0,0.0,31 oct 2018,15:10,04:40,15:40,15:30
Calasparra,Murcia,14.6,6.2,10.4,35,20,3.6,3.4,0.0,0.2,0.0,31 oct 2018,12:40,06:40,12:30,12:30
Bullas,Murcia, , ,, , ,,2.6,,0.0,0.0,31 oct 2018,,,,
Jumilla,Murcia,13.3,4.5,8.9,34,20,4.6,4.2,0.0,0.4,0.0,31 oct 2018,16:50,23:59,01:50,17:10
Cieza,Murcia,15.3,5.7,10.5,37,13,7.1,6.4,0.0,0.6,0.1,31 oct 2018,14:00,07:10,02:10,02:10
Archena,Murcia,17.2,7.4,12.3, , ,0.8,0.8,0.0,0.0,0.0,31 oct 2018,13:30,07:50,,
Mula,Murcia,17.0,6.6,11.8,43,28,2.4,2.2,0.2,0.0,0.0,31 oct 2018,15:40,07:40,14:50,14:50
Murcia,Murcia,18.4,8.3,13.3,41,22,2.2,2.2,0.0,0.0,0.0,31 oct 2018,15:10,06:30,14:20,15:30
"Caravaca de La Cruz, Los Royos",Murcia,9.6,3.1,6.4, , ,2.6,2.6,0.0,0.0,0.0,31 oct 2018,15:20,06:20,,
"Lorca, Zarcilla de Ramos",Murcia,12.3,6.4,9.4,59,28,2.2,2.0,0.2,0.0,0.0,31 oct 2018,15:30,06:20,07:30,07:10
Lorca,Murcia,15.9,4.9,10.4,31,14,2.1,2.1,0.0,0.0,0.0,31 oct 2018,16:10,07:00,13:50,14:30
Puerto Lumbreras,Murcia,15.1,7.3,11.2, , ,1.6,1.4,0.2,0.0,0.0,31 oct 2018,15:00,04:30,,
Totana,Murcia,17.2,8.8,13.0,33,15,3.4,3.4,0.0,0.0,0.0,31 oct 2018,15:30,06:50,03:00,14:50
Alhama de Murcia,Murcia,17.7,7.0,12.4,40,22,2.6,2.6,0.0,0.0,0.0,31 oct 2018,14:50,05:50,14:30,14:30
Molina de Segura,Murcia,17.0,6.8,11.9,37,22,2.6,2.6,0.0,0.0,0.0,31 oct 2018,14:30,07:50,15:20,15:20
Abanilla,Murcia,17.0,6.6,11.8, , ,2.6,2.6,0.0,0.0,0.0,31 oct 2018,15:50,06:50,,
Yecla,Murcia,12.4,2.9,7.6,45,29,4.4,3.0,0.0,1.4,0.0,31 oct 2018,13:10,23:59,02:20,15:00
"Baztan, Irurita",Navarra,12.1,8.4,10.3,27,15,12.3,0.6,5.8,5.1,0.8,31 oct 2018,00:40,06:50,00:10,00:30
Bera,Navarra,11.5,8.2,9.8,4,2,12.0,0.4,5.8,4.6,1.2,31 oct 2018,13:20,02:30,15:20,04:00
Areso,Navarra,9.4,6.9,8.1,35,19,21.0,0.2,6.2,8.4,6.2,31 oct 2018,12:30,23:20,03:50,03:50
Los Arcos,Navarra,10.8,7.0,8.9,34,24,28.0,3.6,4.4,9.2,10.8,31 oct 2018,13:00,23:20,00:20,00:20
Isaba/Izaba,Navarra,8.5,2.5,5.5,37,16,10.6,2.2,7.6,0.8,0.0,31 oct 2018,15:30,23:10,00:40,00:40
Oroz-Betelu/Orotz-Betelu,Navarra,7.8,4.1,6.0,25,13,9.4,1.8,6.0,1.6,0.0,31 oct 2018,15:50,23:20,12:50,15:30
Roncesvalles,Navarra,5.5,1.4,3.4,22,11,11.2,2.0,7.6,1.4,0.2,31 oct 2018,01:40,23:20,01:40,18:40
Navascués/Nabaskoze,Navarra,9.3,3.5,6.4, , ,11.2,3.4,5.4,2.4,0.0,31 oct 2018,15:50,22:50,,
Cáseda,Navarra,9.8,5.9,7.9,23,9,21.8,5.6,9.4,6.4,0.4,31 oct 2018,00:00,22:30,00:20,20:00
Olite/Erriberri,Navarra,10.7,7.3,9.0,32,18,17.6,3.0,4.8,9.6,0.2,31 oct 2018,11:50,23:00,00:10,00:10
"Esteribar, Eugui",Navarra,8.3,5.4,6.9, , ,10.6,1.0,5.6,3.4,0.6,31 oct 2018,02:10,23:20,,
Monreal/Elo,Navarra,7.8,5.8,6.8,36,28,10.4,0.4,5.2,4.2,0.6,31 oct 2018,13:00,23:40,01:10,01:10
Pamplona Aeropuerto,Navarra,8.9,6.8,7.8,42,33,12.0,1.9,5.3,4.2,0.6,31 oct 2018,02:00,07:50,00:10,00:10
"Aranguren, Ilundain",Navarra,9.4,7.0,8.2,40,21,11.0,1.8,4.7,4.0,0.5,31 oct 2018,02:10,23:50,02:00,02:00
Irurtzun,Navarra,9.7,6.8,8.3,11,5,21.6,0.8,4.6,11.2,5.0,31 oct 2018,13:00,00:20,19:50,14:40
Larraga,Navarra,10.1,7.7,8.9,33,20,15.4,2.4,3.0,8.0,2.0,31 oct 2018,11:30,05:40,14:20,14:30
"Bardenas Reales, Base Aérea",Navarra,10.2,8.2,9.2,39,28,18.4,4.4,7.0,6.6,0.4,31 oct 2018,16:10,22:40,01:20,01:20
Monteagudo,Navarra,9.4,7.9,8.6, , ,19.8,5.6,4.0,8.0,2.2,31 oct 2018,13:30,22:40,,
Tudela,Navarra,10.0,8.2,9.1,19,11,20.4,5.2,4.6,9.4,1.2,31 oct 2018,12:50,00:30,10:40,00:10
Luzaide/Valcarlos,Navarra,10.3,6.9,8.6,18,6,8.4,0.6,5.4,2.2,0.2,31 oct 2018,13:40,23:59,02:00,03:00
O Barco de Valdeorras,Ourense,14.0,7.9,11.0, , ,0.4,0.2,0.2,0.0,0.0,31 oct 2018,16:00,02:30,,
A Pobra de Trives,Ourense,10.3,3.9,7.1,20,9,1.4,1.2,0.2,0.0,0.0,31 oct 2018,14:10,08:30,04:20,11:20
Chandrexa de Queixa,Ourense,10.9,2.7,6.8,15,6,2.8,2.8,0.0,0.0,0.0,31 oct 2018,13:20,09:00,15:50,15:50
Ourense,Ourense,16.1,6.2,11.2,17,8,0.6,0.6,0.0,0.0,0.0,31 oct 2018,15:00,06:40,14:40,14:40
Beariz,Ourense,9.4,-0.2,4.6, , ,1.2,1.0,0.0,0.2,0.0,31 oct 2018,17:10,08:20,,
"Carballiño, O",Ourense,12.2,5.3,8.8,18,6,0.3,0.3,0.0,0.0,0.0,31 oct 2018,14:40,06:00,20:00,20:00
Ribadavia,Ourense,13.5,6.8,10.2, , ,0.0,0.0,0.0,0.0,0.0,31 oct 2018,15:30,05:40,,
Allariz,Ourense,13.4,3.1,8.2, , ,1.4,1.4,0.0,0.0,0.0,31 oct 2018,15:00,08:40,,
Xinzo de Limia,Ourense,12.1,2.0,7.1,21,14,0.9,0.9,0.0,0.0,0.0,31 oct 2018,14:20,08:20,16:20,16:30
Muiños,Ourense, , ,, , ,,,,,,31 oct 2018,,,,
A Gudiña,Ourense,10.8,3.4,7.1, , ,0.0,0.0,0.0,0.0,0.0,31 oct 2018,15:20,23:59,,
Verín,Ourense,15.1,3.6,9.4, , ,0.2,0.2,0.0,0.0,0.0,31 oct 2018,15:40,23:50,,
Cervera de Pisuerga,Palencia,10.2,1.2,5.7,26,14,3.8,0.8,1.0,1.2,0.8,31 oct 2018,13:40,22:40,14:00,14:10
Aguilar de Campoo,Palencia,10.2,1.5,5.8,25,14,0.0,0.0,0.0,0.0,0.0,31 oct 2018,14:40,23:40,13:50,13:50
Villaeles de Valdavia,Palencia,10.2,2.6,6.4,22,15,1.6,0.0,0.0,1.6,0.0,31 oct 2018,12:40,22:50,12:40,15:30
"Velilla del Río Carrión, Camporredondo de Alba",Palencia,8.1,-0.6,3.8,22,15,0.4,0.2,0.0,0.2,0.0,31 oct 2018,12:20,23:40,13:40,23:50
Carrión de los Condes,Palencia,10.6,3.3,7.0,17,9,0.2,0.0,0.0,0.2,0.0,31 oct 2018,11:50,23:59,01:00,17:40
Autilla del Pino,Palencia,8.1,4.0,6.1,23,18,0.5,0.4,0.1,0.0,0.0,31 oct 2018,16:40,06:30,15:00,15:00
Palencia,Palencia,9.8,5.8,7.8,22,13,0.2,0.2,0.0,0.0,0.0,31 oct 2018,16:40,05:30,15:30,15:30
"Santervás de la Vega, Villapún",Palencia,8.8,1.5,5.2,19,13,1.6,0.6,0.2,0.6,0.2,31 oct 2018,12:40,23:59,15:20,15:20
Silleda,Pontevedra,11.0,4.0,7.5,19,12,0.6,0.4,0.0,0.2,0.0,31 oct 2018,13:40,08:10,11:20,11:30
A Estrada,Pontevedra,11.3,5.0,8.2, , ,1.0,0.0,0.0,0.2,0.8,31 oct 2018,14:30,06:50,,
VilagarcÍa de Arousa,Pontevedra,13.1,7.1,10.1,17,10,0.6,0.0,0.0,0.6,0.0,31 oct 2018,16:30,06:10,10:10,09:30
Pontevedra,Pontevedra,12.8,6.3,9.6,11,8,0.6,0.0,0.0,0.6,0.0,31 oct 2018,16:40,08:20,20:20,09:00
A Lama,Pontevedra,11.5,4.2,7.8,17,8,0.4,0.2,0.2,0.0,0.0,31 oct 2018,14:40,08:20,11:00,11:00
Vigo Aeropuerto,Pontevedra,11.7,6.4,9.0,26,17,0.9,0.8,0.0,0.1,0.0,31 oct 2018,16:20,07:20,21:00,07:50
Vigo,Pontevedra,12.6,8.2,10.4,17,6,0.6,0.0,0.0,0.6,0.0,31 oct 2018,16:50,06:20,10:10,10:10
A Cañiza,Pontevedra,11.3,3.9,7.6, , ,0.8,0.8,0.0,0.0,0.0,31 oct 2018,16:50,07:50,,
"Ponteareas, Canedo",Pontevedra,13.8,6.4,10.1, , ,0.4,0.4,0.0,0.0,0.0,31 oct 2018,14:40,05:50,,
O Rosal,Pontevedra,12.8,7.1,10.0, , ,0.4,0.4,0.0,0.0,0.0,31 oct 2018,14:40,07:00,,
Pedrosillo de Los Aires,Salamanca,8.9,2.1,5.5,21,14,0.4,0.4,0.0,0.0,0.0,31 oct 2018,16:20,23:00,01:30,06:00
Pedraza de Alba,Salamanca,8.1,3.1,5.6,24,11,0.8,0.6,0.2,0.0,0.0,31 oct 2018,16:40,23:30,03:20,03:50
Salamanca Aeropuerto,Salamanca,11.4,2.9,7.1,30,20,0.4,0.4,0.0,0.0,0.0,31 oct 2018,16:40,22:50,12:40,12:50
Salamanca,Salamanca,12.2,4.3,8.3,22,12,0.2,0.2,0.0,0.0,0.0,31 oct 2018,16:30,22:00,09:30,06:10
Barbadillo,Salamanca,10.6,2.0,6.3,23,14,0.2,0.0,0.0,0.2,0.0,31 oct 2018,15:50,22:20,04:00,11:00
Ledesma,Salamanca,11.0,2.7,6.9,18,10,0.0,0.0,0.0,0.0,0.0,31 oct 2018,15:50,22:20,07:10,17:10
Villarino de los Aires,Salamanca,15.0,4.7,9.8,26,15,0.0,0.0,0.0,0.0,0.0,31 oct 2018,15:30,02:50,05:10,07:10
Boadilla Fuente San Esteban,Salamanca,9.9,3.0,6.4,23,14,0.2,0.2,0.0,0.0,0.0,31 oct 2018,14:50,23:50,00:40,00:50
Vitigudino,Salamanca,14.0,3.0,8.5,20,14,0.2,0.2,0.0,0.0,0.0,31 oct 2018,15:20,23:20,00:30,00:40
El Maíllo,Salamanca,8.6,1.9,5.3,26,16,1.8,1.4,0.4,0.0,0.0,31 oct 2018,17:20,22:50,03:00,01:30
Bañobárez,Salamanca,11.7,2.4,7.0,26,13,0.0,0.0,0.0,0.0,0.0,31 oct 2018,17:20,23:59,16:10,09:40
Navasfrías,Salamanca, , ,, , ,,,,,,31 oct 2018,,,,
El Bodón Base Aérea,Salamanca,10.0,1.7,5.9,28,19,0.0,0.0,0.0,0.0,0.0,31 oct 2018,14:40,23:59,00:20,00:10
Saelices El Chico,Salamanca,12.8,3.1,8.0,26,14,0.0,0.0,0.0,0.0,0.0,31 oct 2018,14:40,23:59,00:20,00:10
Fresno de Cantespino,Segovia,6.0,3.7,4.9,29,19,3.6,2.2,1.0,0.2,0.2,31 oct 2018,16:50,07:00,15:30,15:30
Aldeanueva de Serrezuela,Segovia,4.8,3.8,4.3,30,19,6.6,2.8,0.8,0.8,2.2,31 oct 2018,00:00,05:30,13:40,14:30
"La Pinilla, estación de esquí",Segovia,0.7,-0.8,-0.1,36,17,22.2,3.6,4.6,6.4,7.6,31 oct 2018,12:10,07:20,23:50,23:40
Pedraza,Segovia,4.8,2.8,3.8,31,15,7.6,3.4,3.4,0.2,0.6,31 oct 2018,16:30,06:00,13:50,14:10
Cuéllar,Segovia,8.1,5.2,6.7,21,11,3.4,2.2,1.0,0.0,0.2,31 oct 2018,17:00,08:40,08:20,15:10
Segovia,Segovia,6.1,2.8,4.4,27,14,13.2,7.0,5.4,0.8,0.0,31 oct 2018,16:50,04:20,09:20,09:20
San Rafael,Segovia,4.4,0.5,2.5, , ,12.2,7.0,3.4,0.0,1.8,31 oct 2018,13:40,04:20,,
Miguelañez,Segovia,7.4,4.7,6.0,27,21,2.4,1.8,0.4,0.2,0.0,31 oct 2018,16:00,08:30,08:30,08:30
La Roda de Andalucía,Sevilla,12.8,6.9,9.9,32,18,15.8,0.0,0.0,1.2,14.6,31 oct 2018,13:30,01:20,11:30,13:40
Lora de Estepa,Sevilla,11.8,6.4,9.1, , ,5.8,0.0,0.0,1.4,4.4,31 oct 2018,14:00,04:40,,
Écija,Sevilla,14.0,7.5,10.8,38,26,0.9,0.0,0.0,0.1,0.8,31 oct 2018,12:10,02:50,12:10,12:10
La Puebla de los Infantes,Sevilla,13.0,5.6,9.3,36,20,1.0,0.0,0.0,0.6,0.4,31 oct 2018,11:50,00:20,14:00,14:00
Fuentes de Andalucía,Sevilla,12.7,6.3,9.5,40,27,3.8,0.0,0.0,1.0,2.8,31 oct 2018,13:40,08:10,12:40,14:10
Carmona,Sevilla,13.3,7.4,10.4,33,21,4.4,0.0,0.0,4.2,0.2,31 oct 2018,14:30,07:50,11:10,07:10
Cazalla de la Sierra,Sevilla,10.9,5.4,8.1,30,15,2.7,0.0,0.0,1.8,0.9,31 oct 2018,13:40,08:30,04:40,04:00
Guadalcanal,Sevilla,8.4,5.0,6.7,31,21,2.6,0.0,0.0,2.0,0.6,31 oct 2018,11:30,02:30,14:00,15:30
Almadén de la Plata,Sevilla,10.1,6.0,8.1,23,11,4.0,0.0,0.0,3.6,0.4,31 oct 2018,13:40,04:20,14:50,13:50
Sevilla Aeropuerto,Sevilla,14.4,8.5,11.4,33,23,10.4,0.0,0.0,9.3,1.1,31 oct 2018,13:20,06:10,19:10,13:40
"Sevilla, Tablada",Sevilla,13.9,7.4,10.6,26,12,9.2,0.0,0.0,8.8,0.4,31 oct 2018,13:10,07:10,05:30,13:00
Morón de la Frontera,Sevilla,13.9,6.6,10.2,30,18,11.7,0.0,0.0,9.2,2.5,31 oct 2018,13:30,08:00,13:40,13:40
Carrión de los Céspedes,Sevilla,13.3,6.4,9.9,27,14,10.4,0.0,0.0,10.0,0.4,31 oct 2018,13:00,07:30,18:50,17:20
Las Cabezas de San Juan,Sevilla,12.8,7.6,10.2,34,22,27.4,0.0,0.0,18.6,8.8,31 oct 2018,11:00,07:50,15:30,17:40
Osuna,Sevilla,13.1,7.3,10.2,43,27,10.6,0.0,0.0,2.8,7.8,31 oct 2018,13:40,08:00,13:50,12:10
"Vinuesa, Quintanarejo",Soria,5.5,2.6,4.0, , ,6.6,3.8,0.6,1.0,1.2,31 oct 2018,12:40,07:30,,
"La Póveda de Soria, Barriomartín",Soria,4.7,1.6,3.1,27,17,6.0,2.8,0.6,1.2,1.4,31 oct 2018,12:30,23:20,14:50,23:59
Soria,Soria,7.1,3.4,5.3,21,9,11.6,1.8,1.2,5.2,3.4,31 oct 2018,13:40,23:59,01:00,02:10
Lubia,Soria,6.4,2.5,4.5,27,14,18.2,2.6,0.4,12.4,2.8,31 oct 2018,13:40,23:59,15:10,01:00
Morón de Almazán,Soria,6.4,4.1,5.3,31,21,18.0,1.2,0.8,11.6,4.4,31 oct 2018,13:40,19:00,14:30,14:40
La Riba de Escalote,Soria,6.0,4.5,5.3,49,36,6.0,0.8,0.8,3.0,1.4,31 oct 2018,12:20,09:10,15:00,15:10
Ucero,Soria,6.6,4.4,5.5, , ,5.2,0.6,0.0,3.8,0.8,31 oct 2018,12:20,23:59,,
Burgo de Osma,Soria,6.6,4.8,5.7,41,29,8.0,0.2,0.8,4.8,2.2,31 oct 2018,12:20,08:40,15:40,16:00
Liceras,Soria,5.5,3.1,4.3,39,30,9.0,0.4,0.2,1.6,6.8,31 oct 2018,00:50,07:50,14:50,14:40
Ólvega,Soria,5.4,2.6,4.0,30,20,19.2,3.4,1.0,11.0,3.8,31 oct 2018,13:30,21:30,00:10,00:20
San Pedro Manrique,Soria, , ,, , ,,0.0,,,,31 oct 2018,,,,
Arcos de Jalón,Soria,7.9,5.4,6.7,25,15,14.0,0.6,0.6,9.8,3.0,31 oct 2018,13:00,20:30,16:20,16:20
Almazul,Soria,6.4,3.4,4.9,30,20,15.4,2.2,1.2,7.6,4.4,31 oct 2018,11:20,19:10,02:40,02:40
Puntagorda,Santa Cruz de Tenerife,19.0,11.7,15.3,40,23,0.0,0.0,0.0,0.0,0.0,31 oct 2018,16:30,06:00,12:50,12:50
Tijarafe,Santa Cruz de Tenerife,19.6,13.5,16.6,21,10,0.0,0.0,0.0,0.0,0.0,31 oct 2018,16:10,03:00,11:20,11:20
El Paso,Santa Cruz de Tenerife,18.2,9.3,13.8,34,15,0.0,0.0,0.0,0.0,0.0,31 oct 2018,11:50,04:30,12:10,10:30
Fuencaliente,Santa Cruz de Tenerife,24.8,19.1,21.9,39,26,0.0,0.0,0.0,0.0,0.0,31 oct 2018,13:10,07:30,04:30,11:40
La Palma Aeropuerto,Santa Cruz de Tenerife,23.0,18.0,20.5,41,32,0.0,0.0,0.0,0.0,0.0,31 oct 2018,12:00,06:00,00:10,17:50
San Andrés y Sauces,Santa Cruz de Tenerife,20.1,15.2,17.7,28,16,0.0,0.0,0.0,0.0,0.0,31 oct 2018,11:40,07:30,14:10,07:40
"Vallehermoso, Alto Igualero",Santa Cruz de Tenerife,13.2,6.2,9.7,53,40,0.2,0.0,0.0,0.0,0.2,31 oct 2018,13:50,07:40,01:00,04:50
Arure,Santa Cruz de Tenerife,18.0,11.8,14.9,57,37,0.0,0.0,0.0,0.0,0.0,31 oct 2018,14:20,07:30,01:40,00:30
Agulo,Santa Cruz de Tenerife,17.4,13.3,15.3,21,8,0.0,0.0,0.0,0.0,0.0,31 oct 2018,12:40,04:10,15:20,02:40
"Vallehermoso, Dama",Santa Cruz de Tenerife,26.7,16.0,21.4,22,14,0.0,0.0,0.0,0.0,0.0,31 oct 2018,14:30,07:40,00:30,16:50
Hermigua,Santa Cruz de Tenerife,21.8,17.7,19.8,31,12,,,,,,31 oct 2018,13:30,06:20,02:40,00:30
San Sebastián de la Gomera,Santa Cruz de Tenerife,25.6,20.6,23.1,49,19,,,,,,31 oct 2018,13:50,07:50,10:40,04:10
"La Orotava, Cañadas Teide",Santa Cruz de Tenerife,16.7,1.2,9.0,47,31,0.0,0.0,0.0,0.0,0.0,31 oct 2018,16:30,06:50,22:00,22:20
Adeje,Santa Cruz de Tenerife,24.0,18.2,21.1,21,11,0.2,0.0,0.0,0.0,0.2,31 oct 2018,11:10,02:30,17:30,06:20
Arico,Santa Cruz de Tenerife,21.6,15.0,18.3,28,17,0.0,0.0,0.0,0.0,0.0,31 oct 2018,13:00,01:30,11:30,11:30
Tenerife Sur Aeropuerto,Santa Cruz de Tenerife,25.0,17.0,21.0,33,23,0.0,0.0,0.0,0.0,0.0,31 oct 2018,11:40,03:20,12:00,13:00
Izaña,Santa Cruz de Tenerife,10.2,2.5,6.3,64,58,0.0,0.0,0.0,0.0,0.0,31 oct 2018,15:40,00:10,06:50,08:10
Candelaria,Santa Cruz de Tenerife,22.4,13.6,18.0,37,21,,,,,,31 oct 2018,12:00,05:10,03:10,12:50
Güímar,Santa Cruz de Tenerife,25.2,14.9,20.1,34,26,0.0,0.0,0.0,0.0,0.0,31 oct 2018,12:20,04:10,12:40,12:40
"San Cristóbal de La Laguna,Llano de los Loros",Santa Cruz de Tenerife,16.1,12.0,14.1,47,24,0.8,0.6,0.0,0.0,0.2,31 oct 2018,12:30,03:30,02:50,02:50
Tenerife Norte Aeropuerto,Santa Cruz de Tenerife,18.8,13.4,16.1,50,34,0.2,0.2,0.0,0.0,0.0,31 oct 2018,13:50,07:30,02:00,20:00
Sta.Cruz de Tenerife,Santa Cruz de Tenerife,25.5,19.5,22.5,33,19,0.0,0.0,0.0,0.0,0.0,31 oct 2018,14:00,07:20,14:30,14:50
Anaga,Santa Cruz de Tenerife, , ,, , ,,0.0,0.0,0.0,,31 oct 2018,,,,
La Victoria de Acentejo,Santa Cruz de Tenerife,19.4,12.4,15.9,22,15,0.0,0.0,0.0,0.0,0.0,31 oct 2018,12:10,07:30,08:10,08:00
Tacoronte,Santa Cruz de Tenerife,21.5,15.8,18.7,23,13,0.0,0.0,0.0,0.0,0.0,31 oct 2018,12:00,07:40,02:40,15:10
Puerto de la Cruz,Santa Cruz de Tenerife,25.6,17.8,21.7,18,11,0.0,0.0,0.0,0.0,0.0,31 oct 2018,13:40,07:30,07:40,14:40
Los Silos,Santa Cruz de Tenerife,23.7,16.6,20.2,27,19,0.0,0.0,0.0,0.0,0.0,31 oct 2018,14:20,07:40,21:50,22:50
"El Pinar, Depósito",Santa Cruz de Tenerife,17.1,11.1,14.1,26,10,0.2,0.2,0.0,0.0,0.0,31 oct 2018,12:50,21:40,04:50,13:50
Valverde,Santa Cruz de Tenerife,15.3,10.9,13.1,41,30,0.6,0.6,0.0,0.0,0.0,31 oct 2018,14:00,07:30,05:00,04:40
Hierro Aeropuerto,Santa Cruz de Tenerife,23.9,21.0,22.4,50,41,0.0,0.0,0.0,0.0,0.0,31 oct 2018,13:20,01:40,05:50,05:50
"Frontera, Sabinosa",Santa Cruz de Tenerife, , ,, , ,,,,,,31 oct 2018,,,,
Vandellòs,Tarragona,15.8,10.6,13.2,45,15,37.0,28.2,8.8,0.0,0.0,31 oct 2018,12:30,23:40,10:10,02:20
Reus Aeropuerto,Tarragona,17.4,10.8,14.1,58,33,17.6,7.9,9.5,0.0,0.2,31 oct 2018,12:30,23:40,11:30,11:20
Valls,Tarragona,14.1,9.3,11.7, , ,43.0,10.4,26.4,0.2,6.0,31 oct 2018,12:40,23:00,,
Tarragona,Tarragona,17.3,12.4,14.8, , ,17.6,7.6,9.0,0.0,1.0,31 oct 2018,12:20,00:00,,
Llorac,Tarragona,11.1,6.1,8.6,45,26,31.4,10.4,14.8,0.6,5.6,31 oct 2018,14:20,23:30,13:40,13:40
Horta de Sant Joan,Tarragona,12.3,4.8,8.6, , ,10.2,5.2,3.4,1.6,0.0,31 oct 2018,14:40,22:20,,
La Pobla de Massaluca,Tarragona,12.6,6.1,9.4,33,19,16.4,7.0,4.6,4.8,0.0,31 oct 2018,15:10,23:50,17:10,16:10
Cabacés,Tarragona,14.1,8.8,11.5,31,12,35.2,17.0,18.2,0.0,0.0,31 oct 2018,15:40,23:59,03:50,05:40
Rasquera,Tarragona,15.7,6.8,11.3,45,25,37.4,31.8,5.6,0.0,0.0,31 oct 2018,15:00,23:30,15:30,15:40
Tortosa,Tarragona,17.5,8.3,12.9,46,27,14.0,10.0,4.0,0.0,0.0,31 oct 2018,14:30,22:00,15:30,15:30
Sant Jaume d'Enveja,Tarragona, , ,, , ,,,,,,31 oct 2018,,,,
Teruel,Teruel,7.1,3.3,5.2,30,15,14.0,2.0,4.6,3.8,3.6,31 oct 2018,13:20,22:30,15:10,08:50
Jabaloyas,Teruel,2.9,0.4,1.7,42,22,13.0,3.8,3.2,3.6,2.4,31 oct 2018,13:20,17:30,20:30,06:40
Cedrillas,Teruel,3.8,0.0,1.9,28,19,10.6,6.4,2.2,1.8,0.2,31 oct 2018,00:00,19:50,15:30,16:10
Mosqueruela,Teruel,4.9,0.7,2.8,49,36,9.4,6.2,1.8,1.2,0.2,31 oct 2018,12:10,20:20,23:40,23:50
Santa Eulalia del Campo,Teruel,5.0,2.2,3.6,26,17,25.6,3.0,7.2,11.4,4.0,31 oct 2018,00:00,19:50,13:40,14:00
Calamocha,Teruel,6.8,3.1,5.0,26,14,20.8,4.0,2.6,9.2,5.0,31 oct 2018,00:00,14:30,12:00,12:00
Fonfría,Teruel,5.0,0.8,2.9,37,30,12.8,5.8,2.6,4.2,0.2,31 oct 2018,11:00,21:00,15:40,16:00
Muniesa,Teruel,7.5,4.8,6.2,28,17,8.8,6.2,1.6,1.0,0.0,31 oct 2018,11:40,20:30,14:20,12:40
Montalbán,Teruel,6.7,3.8,5.2,30,11,8.0,2.8,3.0,2.2,0.0,31 oct 2018,00:00,23:20,17:20,17:20
Hijar,Teruel,13.5,7.0,10.3,26,16,7.8,6.4,1.0,0.4,0.0,31 oct 2018,16:30,23:00,14:00,14:10
Andorra,Teruel,9.1,5.4,7.3,40,33,6.8,3.6,0.4,2.8,0.0,31 oct 2018,15:50,22:20,14:50,14:40
Castellote,Teruel,10.1,6.0,8.1,29,17,7.0,3.4,0.2,3.4,0.0,31 oct 2018,14:20,21:00,12:50,13:00
Calanda,Teruel,10.6,7.0,8.8,23,13,6.0,1.8,0.6,3.0,0.6,31 oct 2018,15:30,23:20,14:10,16:20
Alcañiz,Teruel,11.4,5.7,8.5,19,12,4.8,1.5,0.7,2.4,0.2,31 oct 2018,15:30,23:59,01:10,01:40
Valderrobres,Teruel,11.7,4.7,8.2,24,13,4.6,1.6,1.4,1.6,0.0,31 oct 2018,14:20,22:10,13:30,13:30
Bello,Teruel,5.5,2.9,4.2,29,21,14.0,3.2,1.6,6.0,3.2,31 oct 2018,10:40,19:20,12:50,12:50
Tembleque,Toledo,11.1,5.9,8.5, , ,,,,,,31 oct 2018,15:50,23:59,,
Mora,Toledo,10.4,5.4,7.9,35,22,2.4,0.4,2.0,0.0,0.0,31 oct 2018,15:20,23:59,13:50,13:50
Toledo,Toledo,12.1,7.0,9.6,38,24,4.0,1.6,2.2,0.0,0.2,31 oct 2018,15:00,06:50,15:10,13:10
San Pablo de los Montes,Toledo,7.6,3.9,5.8,42,28,1.3,1.1,0.2,0.0,0.0,31 oct 2018,15:00,23:40,12:30,11:20
Navahermosa,Toledo,11.0,5.2,8.1, , ,1.0,0.8,0.2,0.0,0.0,31 oct 2018,15:40,21:50,,
Castillo de Bayuela,Toledo,11.4,5.7,8.5, , ,3.4,2.2,0.0,0.4,0.8,31 oct 2018,13:20,23:30,,
Talavera de la Reina,Toledo,14.7,6.8,10.8, , ,,,,,,31 oct 2018,15:30,23:59,,
Oropesa,Toledo, , ,, , ,,,,,,31 oct 2018,,,,
Quintanar de la Orden,Toledo, , ,,42,17,10.9,0.3,8.3,2.3,0.0,31 oct 2018,,,15:30,09:30
Madridejos,Toledo,9.1,5.2,7.2, , ,,,,,,31 oct 2018,14:30,23:59,,
Fontanars dels Alforins,València/Valencia,11.9,3.5,7.7, , ,3.0,3.0,0.0,0.0,0.0,31 oct 2018,15:10,23:59,,
Oliva,València/Valencia,17.7,8.0,12.9,46,15,3.0,1.9,0.0,1.1,0.0,31 oct 2018,13:00,23:50,13:20,13:20
Miramar,València/Valencia,17.9,9.4,13.6, , ,2.4,0.8,0.0,1.6,0.0,31 oct 2018,14:50,23:20,,
Jalance,València/Valencia,11.3,4.6,8.0,29,10,4.6,2.8,0.4,1.2,0.2,31 oct 2018,14:20,23:59,03:30,15:20
Zarra,València/Valencia,7.6,4.6,6.1, ,45,3.8,3.8,0.0,0.0,0.0,31 oct 2018,14:00,06:20,,14:10
Bicorp,València/Valencia,14.7,6.1,10.4,45,23,2.6,2.6,0.0,0.0,0.0,31 oct 2018,13:00,23:50,11:20,11:20
Ontinyent,València/Valencia,16.6,6.4,11.5,32,10,0.6,0.6,0.0,0.0,0.0,31 oct 2018,14:00,23:59,10:10,13:20
Xàtiva,València/Valencia,17.5,9.2,13.3,43,24,0.8,0.6,0.2,0.0,0.0,31 oct 2018,14:30,23:59,12:10,12:20
Carcaixent,València/Valencia,18.0,7.2,12.6,32,17,1.8,1.6,0.2,0.0,0.0,31 oct 2018,14:00,23:59,16:00,13:40
Utiel,València/Valencia,7.4,4.4,5.9,42,25,14.6,3.8,2.2,8.0,0.6,31 oct 2018,00:10,23:50,17:40,15:50
Buñol,València/Valencia,9.6,5.9,7.8,42,18,2.4,2.0,0.2,0.0,0.2,31 oct 2018,11:40,21:50,11:50,10:30
Polinyà de Xúquer,València/Valencia,15.9,8.7,12.3,32,13,1.8,1.7,0.1,0.0,0.0,31 oct 2018,13:20,22:30,10:00,10:10
Turís,València/Valencia,14.2,8.1,11.2, , ,2.6,2.4,0.2,0.0,0.0,31 oct 2018,11:30,22:40,,
Ademuz,València/Valencia,9.0,3.4,6.2, , ,4.6,2.6,1.2,0.4,0.4,31 oct 2018,13:50,23:59,,
Chelva,València/Valencia,8.9,5.7,7.3,32,16,6.2,3.4,1.0,1.6,0.2,31 oct 2018,10:30,23:20,15:50,11:20
Lliria,València/Valencia,14.0,6.0,10.0,32,21,2.8,1.8,0.2,0.8,0.0,31 oct 2018,11:00,23:59,12:10,12:20
Valencia Aeropuerto,València/Valencia,15.9,9.4,12.6,46,35,1.5,1.5,0.0,0.0,0.0,31 oct 2018,12:10,22:50,13:20,13:30
"València, Viveros",València/Valencia,15.3,10.1,12.7,43,19,2.7,2.6,0.1,0.0,0.0,31 oct 2018,11:50,08:10,13:40,12:10
Sagunto,València/Valencia,16.7,8.1,12.4, , ,3.6,3.6,0.0,0.0,0.0,31 oct 2018,12:50,23:40,,
Peñafiel,Valladolid,7.8,5.9,6.9, , ,3.2,1.4,0.4,0.0,1.4,31 oct 2018,17:40,00:30,,
Sardón de Duero,Valladolid,10.1,5.9,8.0,19,11,0.6,0.2,0.0,0.4,0.0,31 oct 2018,17:20,20:20,13:50,13:50
Valladolid,Valladolid,9.2,5.8,7.5,24,12,0.2,0.0,0.0,0.2,0.0,31 oct 2018,16:50,07:00,12:20,12:20
"Olmedo, Depósito de Agua",Valladolid,9.4,5.2,7.3,23,12,0.2,0.2,0.0,0.0,0.0,31 oct 2018,16:20,07:20,12:50,07:20
Rueda,Valladolid,10.2,5.5,7.8, , ,0.0,0.0,0.0,0.0,0.0,31 oct 2018,16:10,08:20,,
Fuente el Sol,Valladolid,10.3,5.4,7.9,24,18,0.4,0.4,0.0,0.0,0.0,31 oct 2018,16:00,08:00,11:40,11:50
Villalón de Campos,Valladolid,9.8,5.0,7.4,17,12,0.0,0.0,0.0,0.0,0.0,31 oct 2018,12:20,23:59,15:10,15:20
Medina de Rioseco,Valladolid,10.1,5.5,7.8,18,11,0.0,0.0,0.0,0.0,0.0,31 oct 2018,17:00,05:10,13:00,11:30
Morales del Toro,Zamora,13.3,5.3,9.3,24,18,0.0,0.0,0.0,0.0,0.0,31 oct 2018,16:30,04:40,08:50,10:40
Fuentesauco,Zamora,9.4,4.2,6.8,27,17,0.6,0.4,0.2,0.0,0.0,31 oct 2018,17:10,22:00,00:10,00:30
Villafáfila,Zamora,12.4,3.9,8.1,23,16,0.0,0.0,0.0,0.0,0.0,31 oct 2018,16:50,23:59,21:50,02:30
Zamora,Zamora,13.1,6.0,9.6,25,16,0.0,0.0,0.0,0.0,0.0,31 oct 2018,14:50,07:00,00:20,00:20
Benavente,Zamora,13.1,4.2,8.7,28,14,0.0,0.0,0.0,0.0,0.0,31 oct 2018,16:10,23:59,01:50,01:30
"Sanabria, Robleda-Cervantes",Zamora,10.9,-2.2,4.3,19,6,1.2,0.0,0.2,0.6,0.4,31 oct 2018,14:50,08:20,14:50,14:10
Villardeciervos,Zamora,12.7,-0.2,6.2,28,15,1.4,0.0,0.0,0.8,0.6,31 oct 2018,16:00,08:10,14:30,14:40
Santibañez de Vidriales,Zamora,12.6,1.1,6.9,22,13,0.0,0.0,0.0,0.0,0.0,31 oct 2018,14:30,08:20,18:20,18:20
Pozuelo de Tabara,Zamora,11.5,3.3,7.4,26,19,0.2,0.0,0.2,0.0,0.0,31 oct 2018,14:40,08:10,12:40,11:40
Villadepera,Zamora,11.7,4.3,8.0,25,19,0.0,0.0,0.0,0.0,0.0,31 oct 2018,15:50,04:20,07:00,07:20
Peñausende,Zamora, , ,, ,4,0.2,0.0,0.2,0.0,0.0,31 oct 2018,,,,17:10
Fresno de Sayago,Zamora,13.5,2.9,8.2,26,16,0.0,0.0,0.0,0.0,0.0,31 oct 2018,15:20,21:30,07:40,07:10
Alcañices,Zamora,12.2,3.0,7.6,22,15,0.2,0.2,0.0,0.0,0.0,31 oct 2018,14:40,01:50,18:00,17:40
Sos del Rey Católico,Zaragoza,8.6,3.7,6.2,39,20,16.9,4.9,7.8,3.5,0.7,31 oct 2018,12:40,22:30,00:20,00:10
Tarazona,Zaragoza,9.3,7.0,8.2,22,13,17.8,5.0,3.4,8.0,1.4,31 oct 2018,13:30,22:30,23:20,23:50
Ejea de los Caballeros,Zaragoza,10.7,7.5,9.1,22,7,29.2,8.8,8.6,9.4,2.4,31 oct 2018,12:50,23:20,01:00,00:40
Castejon de Valdejasa,Zaragoza,9.1,6.4,7.8,46,33,30.0,7.2,11.0,7.8,4.0,31 oct 2018,11:30,23:10,02:40,00:10
Alhama de Aragon,Zaragoza,8.2,5.7,6.9, , ,20.8,3.2,1.0,10.2,6.4,31 oct 2018,12:10,22:40,,
Daroca,Zaragoza,7.5,3.8,5.6,21,6,14.8,3.4,1.6,8.4,1.4,31 oct 2018,12:10,15:40,13:00,13:10
Calatayud,Zaragoza,9.4,6.1,7.7,20,13,13.0,5.4,1.4,4.4,1.8,31 oct 2018,14:00,23:50,01:50,03:10
La Almunia de Doña Godina,Zaragoza,10.3,6.9,8.6,12,7,8.6,4.6,1.6,2.2,0.2,31 oct 2018,13:40,23:30,14:30,14:30
Zaragoza Aeropuerto,Zaragoza,10.8,8.5,9.7,27,20,27.0,11.8,4.4,0.8,10.0,31 oct 2018,17:00,20:50,19:30,19:30
"Zaragoza, Valdespartera",Zaragoza,10.7,8.1,9.4,26,13,30.4,10.8,2.4,1.8,15.4,31 oct 2018,14:00,20:50,10:50,10:40
Leciñena,Zaragoza,10.4,7.4,8.9,35,13,23.6,4.2,12.6,6.2,0.6,31 oct 2018,15:20,23:50,00:50,00:50
Valmadrid,Zaragoza,9.6,6.4,8.0,27,20,17.2,9.4,1.6,2.2,4.0,31 oct 2018,13:00,21:40,00:10,08:50
Quinto,Zaragoza,11.9,7.8,9.8,31,14,0.0,0.0,0.0,0.0,0.0,31 oct 2018,14:00,23:59,01:20,01:00
Caspe,Zaragoza,11.7,8.8,10.3,27,22,10.6,6.0,1.0,2.8,0.8,31 oct 2018,13:00,23:50,00:40,01:10
